0,1,2,3,4,5,6,7,8,9,10,11,12,13,14,label
23.18779225,15.29277398,12.22660801,13.10892719,6.467285334,8.975071703,4.521790638,2.514989727,2.34174756,10.35627148,3.966979616,4.27816188,13.65712847,4.476559746,5.871408654,0
24.62404604,4.267054787,8.919370773,36.64891876,77.52570262,26.84976355,10.5576421,19.51867347,4.506687342,7.438275635,13.87646896,7.449364495,4.665725693,8.723677952,6.453515025,0
20.12735785,6.251143542,18.29147655,38.55163875,75.37113002,26.3102278,11.73571391,18.93657948,3.853339316,7.181586266,14.31106718,7.009643122,5.222070061,7.111568396,6.199874116,0
19.60869571,6.040256899,16.47811535,38.65587836,75.43350972,26.53614439,11.10842601,18.97952944,3.691966538,7.262530416,13.58746829,5.91210775,6.063932308,7.195099214,5.148237314,0
20.08512669,6.763546922,18.1561259,39.74796231,75.42496556,26.74043212,10.86348631,18.39101201,3.779555429,6.602566217,13.36449995,5.677886106,5.966894513,7.355377748,5.376327528,0
20.1243294,7.247155702,18.05668198,39.38357869,77.40893646,25.58355454,11.34579657,17.92388784,3.964891708,6.827052688,13.20253699,5.615978347,6.187006279,7.144708704,5.140746216,0
20.91487542,6.958559887,16.33150886,39.37462082,77.38295078,25.78998394,11.06714961,17.40590839,3.63294272,6.585429111,12.46098731,5.698667053,5.719911636,7.086415121,5.279240994,0
20.20548913,6.675504356,18.30746295,40.54778238,77.48047297,25.36967886,11.13608869,18.43014354,4.021585766,7.119395937,13.61645642,5.514739995,6.213779005,7.472060713,5.098641677,0
19.51173038,6.940034306,17.5352639,41.51344624,77.82704791,25.00656948,11.2690063,18.64335732,4.230291855,7.254956781,13.61257402,5.700070625,6.337278015,7.866032837,5.020164722,0
21.01541457,7.67390909,19.14954061,41.63341381,77.80612604,24.64508916,10.98825621,18.86220377,4.684021519,6.724584428,13.9302374,5.449397971,6.070531875,8.078587591,4.724310698,0
21.84268484,8.361249479,20.09186576,42.00821645,78.21921194,24.13015954,11.26143908,19.84542334,5.17180988,6.779991987,15.05005715,5.707197212,6.019292667,7.884017924,5.139554896,0
21.74167393,8.679099185,22.19878483,43.20012341,78.87636403,24.04541977,10.95117189,20.15357961,4.731376431,6.660450502,15.40104527,5.435357361,6.407402281,8.282715847,5.119690712,0
22.13213356,9.476522483,23.0247241,42.92048041,82.29179775,23.66366702,11.79527022,21.04096537,5.883189669,7.382166967,16.42748773,5.432478384,6.932555884,7.840012687,5.064004899,0
22.32174481,8.692503884,19.88117221,40.35065939,82.42820678,23.62370705,10.81501171,21.04873138,4.427721116,6.664168307,15.78213469,5.034619176,6.885201619,7.926734724,4.769854737,0
23.32997938,9.081163578,19.56872403,39.99664538,82.50180142,23.79824705,10.82423279,19.87718557,4.378000688,6.368268231,14.85157344,4.82344057,6.593744377,7.509438901,4.55912065,0
23.57775711,9.17006427,17.63055054,39.46490314,81.89997803,24.15379931,10.50396029,19.09259693,4.274575378,6.275768359,14.75439636,4.671027989,7.776744228,8.188663417,4.667085614,0
23.13152565,9.811130193,19.83104882,39.34643573,82.48175753,23.4934014,10.96978308,19.35348621,4.249962233,6.292567403,14.82744908,4.829610481,6.901217616,7.487446407,4.37292104,0
23.63918982,10.00289597,19.46148363,39.16569425,81.74339966,24.21101649,10.55632964,18.71213775,3.652009378,5.804649052,13.92340288,4.800841304,6.203254555,7.575940714,4.585025977,0
22.34244907,10.42808862,18.10903354,40.20289834,79.2062836,23.87763475,10.59445361,19.1857563,3.427582482,5.999267168,14.67590726,4.88336496,7.05132307,8.559151758,4.798375992,0
23.2829896,8.820960095,18.92758254,39.15795465,80.57651113,23.22540426,10.58719944,18.99719879,3.758157437,6.251412947,14.62447989,4.864565868,6.320647806,8.10814981,4.733894566,0
24.49475911,9.663835327,19.10053088,38.86913885,80.61911046,24.25038842,10.61006048,18.85756905,3.305958784,6.130813753,14.44092135,4.768179622,6.305764796,7.594560316,4.474283496,0
24.07664701,9.43330226,16.43217298,38.67857338,81.06187697,23.55148387,10.57554735,17.99990969,3.498766231,6.079478338,14.06788043,4.586823543,5.951385931,8.096056972,4.145108916,0
23.97423843,9.625169924,16.27651467,39.69326524,79.88138397,24.60370647,10.69404411,18.3544027,3.224567381,5.800998953,14.3556877,4.852584857,5.85764356,8.280914131,4.604959027,0
23.01673749,9.553407714,20.65160876,39.91395192,79.71890479,23.62988011,10.88620649,19.08959199,3.430241605,6.08298122,14.09765792,4.941081504,6.028116211,7.361821476,4.290726318,0
23.83738768,9.42092827,15.89619116,39.36888074,79.15550212,23.9499593,10.59333387,18.37334787,3.247488821,5.691050741,14.21600644,4.940001833,4.635540733,8.194364566,4.420570225,0
24.49625303,9.591554762,18.32455144,40.08279226,80.00794083,23.20678698,10.88905761,18.74789554,4.196151869,6.184197174,14.78365295,5.163168329,5.757001902,7.707050722,4.839207152,0
23.52595928,9.099570845,16.56104805,39.10127592,79.29843304,24.04710249,10.45356691,17.89866615,3.8485357,5.831461969,13.99124198,4.947335643,5.29594883,8.250737295,4.761569222,0
24.4426048,9.27528956,16.30463651,39.68054324,79.56551683,23.96084541,10.60882919,18.83489686,3.47353264,6.021141328,14.34975072,4.80388661,6.559039202,8.600305052,4.74735703,0
23.32337567,8.927695221,16.51854697,39.09227075,80.49616582,24.70368185,10.59548875,18.54024723,3.296450022,5.652329851,13.91971905,4.777091736,4.738700753,7.913822287,4.322400648,0
22.04740456,9.26119835,18.34214873,39.51424989,80.40139113,24.13978354,10.4253848,18.70440774,3.41381601,5.266401061,14.39627142,4.960207832,5.5470864,8.382904666,4.735655792,0
22.86783154,9.472841416,18.2980649,39.66537143,79.66548404,24.31381944,10.63832275,19.86012977,3.32663486,5.613385468,15.15798625,5.242538198,4.947320401,8.182307604,4.801911659,0
33.66692112,32.75668917,13.67800085,25.30490958,4.279957332,2.610891749,33.76527863,85.59872525,13.68975637,94.82554253,58.97877153,10.80629217,96.68030656,62.55956462,14.29611602,1
41.86625516,18.97982082,29.19621956,14.97923256,1.952871126,3.153152804,67.26009025,87.09883766,16.20002804,79.81911497,90.75897523,18.85483723,71.88785389,98.62118546,20.62425082,1
34.4668607,18.31392944,39.88025161,14.69066539,1.903714884,4.524284989,63.97831894,91.2835457,15.5175387,79.6336956,90.62530992,18.14034042,72.15984445,92.21490481,19.83383161,1
30.18458856,18.99752572,41.31429535,11.46404842,4.257599778,3.997659966,73.4115676,81.21394508,14.63255606,84.46504223,85.4261304,16.88973688,73.06497467,91.35777103,19.09766024,1
27.64120845,18.6159494,44.19970562,9.495951898,4.85072352,4.480182156,80.61695192,75.28160357,15.15137231,91.02141413,79.78844736,16.76114876,76.60414471,87.92694379,17.80688021,1
25.62129316,17.51878464,44.37487637,8.935378593,5.180304527,4.589693917,82.21023342,76.04125768,14.32385304,93.95463335,78.79922257,15.73269592,81.39746506,84.07567766,16.92321154,1
26.52174577,17.45472167,44.98506549,10.08231704,4.76138502,4.495861113,83.88339445,74.53035283,13.95771056,94.72761978,78.18069667,15.5320412,82.21007126,83.73225326,16.83552828,1
25.88695868,17.05297641,42.30393349,9.713593068,5.515389926,4.369049482,81.96970811,75.91327887,14.08066841,92.80861831,79.99158428,15.51852008,82.07462825,82.86746705,16.52623016,1
25.34646646,16.8820929,42.23505214,9.6834845,5.438384038,4.434791949,83.32021548,75.08918767,14.373869,94.6120929,78.49824637,15.71464883,86.330616,79.51122585,17.11304951,1
25.32452337,15.46707883,39.85386137,8.923289543,5.449832617,4.656058772,82.10140394,76.50986996,15.26876502,93.64095718,80.06015745,17.02700638,84.34631173,81.94950304,17.8931619,1
24.32961774,17.08529364,40.45505338,9.274371475,5.182981825,4.473194525,83.66721961,74.50397108,14.59787746,93.80045104,78.80689351,15.87048419,84.67155055,79.71051105,17.04502469,1
23.42769806,16.99464733,41.29266321,9.050902353,4.824292319,4.238747783,83.55863908,75.13772226,14.31952875,94.16119898,78.99551086,15.45961278,86.07731646,80.1504194,17.40566518,1
23.8477098,15.95896113,39.13600459,9.107769887,5.354377135,4.522754138,83.63221287,75.82767781,14.77577519,93.78887844,80.0576325,15.84054154,86.24910442,81.1748749,18.09359798,1
22.55586688,16.31233591,38.61220578,9.467041658,6.211141511,4.749844631,82.31320513,75.93993712,14.6861217,91.92464272,81.85200616,15.77263006,88.12831919,79.25840855,18.4695135,1
22.80312015,16.31973892,40.24361349,9.358510936,5.501808941,4.714320907,81.28207376,78.31816049,15.16819074,92.78694315,81.34294844,15.95519625,86.12543968,79.98028765,17.12084068,1
22.01463105,15.19968501,40.76526193,9.450431635,5.877913938,4.791893246,83.89950731,74.52625277,14.65405273,93.31554137,79.87554076,15.55675419,85.5256927,81.29874135,18.00584115,1
23.5023383,15.90773632,39.53628547,10.19532292,5.676261055,4.55702728,79.65224502,77.9514393,14.51418465,89.16892419,82.55505009,14.9908071,81.59290824,83.23035156,17.50032958,1
21.93798623,15.31750458,41.84826126,9.250068499,5.03271055,4.666770451,83.02402501,76.0065342,14.6124782,92.99502364,80.73782673,15.50990214,83.60648816,83.45028674,17.47881188,1
22.43550798,15.95093493,40.86597074,9.815055122,5.084294599,4.616558565,80.68108135,78.04273387,14.77470764,91.87296976,81.23216007,15.79613449,86.75703403,79.76705493,18.15533169,1
21.45374155,15.04508548,40.48249676,10.01958645,5.677958019,4.57764004,83.24285474,75.27947437,14.67116883,93.25297764,80.20829202,15.5115736,86.80019255,79.42875507,18.27944169,1
24.26023715,15.13491311,40.62532647,9.820692202,5.762157603,4.592253362,79.47765078,78.46023353,14.87100318,90.13468148,82.492018,15.25575777,82.72695434,82.94804601,17.6614226,1
22.71509447,14.79094398,40.87524716,9.431567466,5.764134171,4.58114568,80.6701268,76.62793647,15.02240993,91.0199403,81.90008489,15.55246959,82.73140831,84.40827686,17.92934712,1
22.60292985,14.60261778,39.59143207,9.605829048,5.562099665,4.731303714,79.9820857,78.14582691,15.16610609,90.78578404,82.0730054,15.57409348,82.55224419,82.51808586,17.6414815,1
22.6435259,14.28004353,40.86649884,10.05081649,5.328240531,4.738103433,80.09295902,77.37002146,14.66266475,90.45118064,82.4708568,15.42502587,82.04742813,83.53682824,17.40770016,1
22.97965284,14.30349664,40.8667242,9.806354149,5.385583165,4.808703156,80.28231374,77.62166811,14.94710892,91.63626936,81.48982811,15.52161709,83.9252495,82.52532725,17.77546647,1
42.93343284,37.91749075,13.62399325,28.44729402,6.757920669,3.576573867,20.30568985,5.81501721,5.628320779,8.914831515,14.53927759,7.237396865,17.73792651,28.02971843,29.3133084,2
25.20622083,34.98070954,27.29931978,24.72708895,28.40562319,10.78659715,11.34829698,60.80342003,57.76122201,8.591104348,64.06251983,66.51406984,22.13639843,58.19773299,71.40108068,2
43.86440936,41.53032204,49.203867,6.193555219,4.473191282,3.43995614,9.06325301,13.05792863,3.330460379,20.84259724,129.1186463,21.69031168,39.3238468,112.9434115,32.05307435,2
45.44378418,37.91700557,54.33500939,7.796393979,3.865745443,2.28440538,8.496286703,10.06679258,4.813125798,19.88972498,135.471062,19.90117067,34.22897757,119.9110661,30.69736078,2
47.12848964,33.76603948,48.44812656,9.071026942,3.287487693,4.256435304,10.07888918,7.230089303,5.313746318,20.69021896,136.2323076,17.93127482,37.66949631,115.7306465,28.20635987,2
42.27328888,38.51507229,39.87503758,9.310611589,2.426010329,3.623867161,10.13984764,6.998167494,4.181586982,21.47242601,136.2000847,17.72368311,39.15566321,114.7025396,27.90409871,2
42.82496714,39.90268145,46.87189489,8.814368914,2.557095257,3.886095879,10.11010373,7.067486146,4.308969294,21.73523563,134.423183,18.60809895,36.59077058,115.0053821,28.24690971,2
39.20602963,42.79250211,45.54306633,8.944440722,2.256177498,4.161276868,9.60572713,7.380670705,4.728884093,22.35761633,132.983418,19.01548384,37.41723523,114.2023644,27.89569594,2
38.31200336,44.1582796,48.1186589,8.928352107,1.899742207,4.033159264,9.653586725,7.119766186,5.001848128,23.41327532,133.5234216,18.52860309,39.24709956,114.8059284,26.29307285,2
36.98780787,45.62960838,44.61761403,9.329736748,1.969703993,3.729728924,9.397598167,6.630418313,4.987448134,23.88924557,133.3124804,18.28122307,40.62265868,112.4240853,24.8875718,2
38.30516299,42.87413466,46.03838984,8.952912363,2.185957737,3.517312929,9.308714743,7.161041944,4.85699361,22.53337753,134.4317842,18.45715666,34.77981655,119.0643579,24.86217623,2
37.69271434,47.09933978,39.95014549,9.190101589,1.825436461,3.654796502,9.594437657,6.622750857,4.946115291,24.65192946,133.7839467,18.06912692,40.87411729,113.4679713,23.85836645,2
37.15241886,45.80823595,44.58756605,9.19448713,2.214559324,3.387650945,9.51532282,6.7646452,4.868073053,24.19344556,133.0374419,18.42362411,38.61036473,115.3604347,24.03777233,2
33.85621716,46.85693999,44.02587469,9.266875369,2.337136902,3.125990688,8.838186268,6.625781065,4.385090394,22.54684297,133.9065364,18.39472451,35.4836224,117.2323769,24.64788543,2
36.21003393,44.48384322,46.08835447,9.239947002,2.258332981,3.663884077,8.914913091,6.294397318,4.793038702,22.62379067,134.2357818,18.14378578,35.6416494,118.3526354,24.9229209,2
35.76014325,45.03656355,44.82734398,9.180482908,2.132235096,3.478791712,8.70975577,6.115783629,4.624299005,22.0028682,134.6201593,17.90610239,34.19705725,118.7603705,23.78148187,2
36.28760229,46.956851,46.46703607,9.407176305,2.320668264,3.183811642,9.411460542,6.078179373,4.479362168,23.88430922,132.5108219,18.13420841,38.325743,112.0746112,24.52550234,2
34.88219037,49.54870361,43.07387507,9.781927274,2.035414789,3.364154738,9.740757672,6.421070128,4.847188255,23.97985131,133.452983,18.23174171,39.48157092,114.1186799,25.20835315,2
36.96433882,47.40431292,49.14134502,9.615330944,1.906179868,3.791126988,9.536430012,6.38356098,4.813892744,22.47378059,134.2919871,18.39051195,36.23238569,117.5620519,25.84066359,2
36.20081763,46.57703038,42.64947516,9.529234135,2.02968134,3.749914995,9.23633341,6.126851568,5.009213003,23.87993649,133.4446156,17.98790103,38.62669137,115.6265862,23.90110601,2
36.88250387,47.59980518,45.1070312,9.710703957,1.949213078,3.771578235,9.270624513,6.276852326,4.917396212,23.38294546,133.8063143,18.07768273,38.1166468,116.6904678,25.3216443,2
35.92665778,46.36527318,41.95731625,9.350101072,1.957207919,3.77926404,8.655661648,6.558263935,5.06555403,23.24718107,134.3465187,18.25137855,37.25730156,118.1338306,24.88781121,2
35.74149013,46.18544894,46.700876,9.589718876,2.054788604,4.306749092,9.014375438,6.023548001,5.012228876,22.56732919,134.4563419,17.8564085,37.44997849,116.0582861,25.07471115,2
34.56356661,48.38522473,44.01776906,9.417952807,2.109724111,3.949629212,8.395665615,6.191218084,5.390015644,22.82681237,133.6532931,18.16927499,37.28731302,116.5695541,24.42886718,2
35.05413531,49.70506623,46.77210341,9.489035171,2.323863157,4.704564095,8.767427357,6.082411828,5.817226369,23.12862218,133.5596364,18.31927204,37.66178532,116.1327764,25.32820396,2
33.20204479,53.06185961,40.47946857,9.594008418,2.442382732,4.282400968,8.236362603,5.832482385,5.592184656,23.16416749,133.4142073,18.40313307,38.03761602,115.3124866,25.92746242,2
34.32654254,49.86843611,42.7623788,10.01962174,2.160582589,4.20610411,8.765268079,5.468797756,5.55019008,23.7500219,132.6854026,18.07619108,37.66692519,115.4293962,23.70988142,2
33.45144625,48.63203499,40.68602814,9.553689013,2.098884297,4.039329924,8.327759289,6.105473558,5.310396651,22.61263454,133.7423991,17.92822335,37.44458615,113.8082315,24.20198713,2
34.72632911,50.1883076,41.63071885,9.775120474,1.854040513,3.951668385,8.782589936,6.112707274,5.380567564,23.25315806,134.2707873,18.16482951,39.13535535,114.5083897,24.72666355,2
35.13494585,48.89533099,41.83023466,9.450209675,2.161384184,4.016065391,8.974746165,6.697216813,5.45134922,24.63314375,132.8372384,18.60113889,40.15148825,114.6734773,25.89688205,2
36.16519232,47.33691439,44.22278273,9.46885433,1.560159288,4.13620489,8.867780643,6.740337616,5.333433127,22.53616289,135.8401674,18.51216313,38.18575382,116.9862451,27.06984336,2
35.60103223,49.64164635,43.31399435,9.40940501,1.907833695,3.863706626,9.29848604,6.112241213,5.115126658,23.49140763,133.2168727,18.28937246,39.3821754,114.4395677,24.75507934,2
33.82072383,50.18716635,44.7929962,9.41466078,2.161178897,3.846132323,8.456790682,7.181854581,5.424043105,23.3216531,133.7088923,18.94938043,37.20695198,118.2045015,25.63078509,2
35.00807027,46.82169411,48.38808457,9.808821892,1.785282456,3.895918757,9.056205475,6.64325502,5.286174581,24.11920247,133.7023275,18.11684523,39.23046936,115.4950685,24.15455794,2
35.14814244,47.65438335,48.20468335,9.460898752,1.961919163,3.868681252,9.091959681,7.185345746,5.088614177,23.06301563,134.1442811,18.47536919,38.17851252,114.9890678,25.87443368,2
36.20363041,46.87533512,47.45818037,9.393922429,1.499012705,3.95197973,8.601885742,7.288630733,5.451085184,22.24550218,134.6722752,19.25145776,35.90037451,118.34117,27.74183033,2
35.11855535,46.61346921,45.09116102,9.67303021,1.659197173,3.883909513,8.820685194,6.186347583,5.296078272,24.14940859,132.664616,18.07503719,38.5289608,114.4786,23.23818384,2
35.2771814,46.04178448,48.81497299,9.78917478,1.721757808,3.572926043,9.639143742,7.387946651,5.139202548,23.31416837,134.9655846,18.66096619,38.55183591,116.838983,27.52913277,2
34.21446861,32.9321918,12.70841232,4.513853584,1.674402702,2.899110012,10.37366371,2.949969195,3.506128799,10.21036947,5.464040087,4.048001545,34.56415679,78.45099021,22.69958442,3
26.65736433,29.1152535,61.23108749,3.691379718,5.944285635,3.3188913,6.472608969,10.09558314,2.165017864,6.138597516,10.46340996,3.183325478,37.8291883,67.86872835,31.30076294,3
38.36491427,33.94715555,71.01768727,2.2608824,4.349151132,2.68004446,7.643894563,8.993296423,1.737880871,6.630646412,9.227503485,4.228922253,41.78011717,88.57817996,24.00321157,3
41.11671255,30.59642261,66.92606251,1.742875644,4.412835286,5.290563292,7.0931813,8.690970576,3.821262746,8.414256499,8.45934232,5.048109207,41.61759625,89.30593491,23.15868092,3
37.41615466,31.18399005,71.18484783,1.777773162,3.728732025,5.35873298,7.55838885,8.400798555,4.428281232,9.582673575,7.994067431,5.70170053,42.13331156,100.4917358,19.07916505,3
35.26203137,30.03831396,74.32513712,1.493857533,4.301636676,5.690334012,7.826304901,7.940811201,4.366002881,10.0077777,7.014629883,6.191220818,39.15507023,107.162956,18.97961993,3
35.23880108,31.28933383,74.16584582,1.174551763,4.787449855,5.168880096,8.162264299,7.917737414,3.622235471,10.04198548,6.814793875,6.213898226,37.76379996,109.3737153,19.75155113,3
36.93674647,28.51864768,73.42929207,0.916684597,4.023552197,5.896402906,8.25562695,7.553527903,4.612478338,10.00909632,6.496333281,6.421059694,38.18541236,108.8755969,20.07667013,3
37.04223884,29.6102857,74.80192233,0.727196623,4.521892337,5.162282397,7.861045152,8.322591429,3.661059046,9.709048049,6.788969169,6.146793925,37.15313688,108.5898998,19.53649113,3
33.63370078,33.41031978,70.71642305,0.493824468,4.230034212,5.392408822,7.003657153,7.86774512,4.176578055,8.67034378,6.911952315,6.333248149,37.3751106,111.2106941,21.45064507,3
34.21851207,32.68856476,74.30818373,0.535396085,4.439011632,5.213623907,7.667308851,8.02184336,4.099164866,9.899852017,6.896319627,6.591457986,37.4671837,109.1596949,19.8179971,3
33.16511283,34.49107911,67.25024746,0.343709532,4.966129136,4.845773592,7.591884265,7.610429569,3.575423165,9.656892084,6.666995815,6.302842022,35.84487521,111.3582068,20.24522188,3
35.82767671,32.2520519,71.50499903,0.271714399,4.535584099,5.590589712,7.425508294,7.685726179,4.281226868,9.234200641,6.76320372,6.134609227,37.70300438,107.6695491,20.67154109,3
36.3822478,32.70075066,72.23141897,1.311985325,4.712112647,5.749063362,8.476931772,7.897649521,4.489409775,10.57588947,6.721317012,6.476440557,37.04261265,112.8863458,18.07089812,3
35.17328396,33.16893903,66.19537191,0.866387989,4.116689679,4.748699252,7.365972697,7.159066735,4.032464684,9.693306187,6.250489306,6.400204405,37.10180929,111.2728822,20.625887,3
35.41743378,32.78304399,73.44703232,0.08503261,4.662660441,5.737915535,7.13183251,7.622330617,4.529661482,9.70988933,6.877635693,6.43196848,37.32558001,111.9972284,19.30761499,3
35.92065324,31.83195138,76.93323787,0.9138166,4.159354718,5.589412461,7.748484215,7.69832858,4.583688066,10.4844757,7.214121113,6.315641963,37.96084495,112.8736342,18.09020159,3
35.577672,32.47803144,74.59309668,0.51107441,4.466764048,5.114194491,7.325700159,6.920923055,4.245980884,10.57805758,6.483231124,6.398229728,34.32084693,117.1725657,19.1638904,3
33.89105157,35.89192982,68.90375979,0.775763598,4.504031347,5.20723516,7.277467364,7.970385122,3.861467323,9.9124763,7.547137336,5.880779115,36.75378301,110.9464237,19.30953566,3
33.53970772,34.17177413,69.73164753,0.371388965,4.605471727,4.756413944,6.206003392,7.347403632,3.672074203,9.267980698,6.620330314,6.52686642,35.28379561,116.6875713,19.67963546,3
32.21899033,36.8699771,69.77808696,0.107239387,5.041195151,5.384808823,6.51656179,7.691709897,3.792964705,9.431934404,6.570831997,6.196669653,36.81021798,114.9724632,17.92300163,3
34.17019806,32.22969497,69.45599319,0.874946935,4.300683571,5.20397918,7.159400482,7.172755234,4.239049722,9.838551388,6.747323245,6.070571214,38.40500052,109.2798044,20.05515382,3
35.77938377,34.39234898,70.36214615,1.58987165,4.859430812,5.046142235,8.147879562,7.332081362,3.568198105,10.69953406,6.872365941,6.18194558,37.39609234,114.7106548,17.40182329,3
34.40707439,34.35505745,69.05422567,0.969474975,4.258359404,4.866058091,7.221265383,6.389420831,4.274370745,10.48980398,5.84486731,6.528495812,37.44878511,114.3702784,18.91881429,3
31.70674958,36.95037285,65.13960094,0.392430508,4.857286247,4.860625859,6.423777179,6.700501094,4.100143568,9.889730246,5.698930278,6.666168079,37.32581387,114.1833615,18.87128349,3
33.88766886,36.93126943,66.82096205,1.839474083,4.548164313,5.539046603,7.317571598,7.546901347,4.463634633,9.635231046,6.737816784,6.109135957,39.04337281,109.3652048,18.80775309,3
33.86839204,34.3717965,71.05570826,1.128972876,4.841045247,5.161383074,7.095421942,7.734601608,3.915297273,9.102722611,6.495120561,5.629326643,37.02812494,109.7999894,19.95240499,3
33.05816072,34.96176057,68.97073379,0.699359732,4.607656639,5.146338419,6.745121119,7.197939922,4.304234097,9.910427099,6.445727241,6.470694021,35.91102583,112.7612313,20.23272407,3
33.77578324,34.95494642,65.57778653,0.386204246,4.217282841,4.889203181,6.375758739,7.109319802,3.713228157,9.428353058,6.535229178,6.243895436,36.28582031,115.0138875,20.36468754,3
35.17839772,36.26126392,70.12837683,1.0781461,4.220181125,5.655397382,7.036404798,7.870096728,4.415787838,10.08910526,7.846718639,6.280034454,38.45357454,111.0194291,19.00974547,3
33.54293702,36.98325588,65.43088031,0.531169633,4.553296021,5.737062402,6.391522678,7.599546844,4.266113634,9.821126327,7.679621604,6.088920145,38.26963727,108.2519019,19.75290674,3
35.00115915,35.64214034,67.08805798,0.834925864,4.2246789,5.588315058,6.549697917,7.81752413,4.253972155,9.733803091,7.710033488,6.336240138,39.71900946,110.9548076,18.3311411,3
34.26594037,34.27024344,70.05058273,0.904644522,4.976104364,5.318486578,6.926250573,7.432831762,3.925553705,10.51108083,6.920987321,6.247898073,38.10896189,113.8187161,17.23465046,3
32.70704638,35.58528134,68.18396269,0.508161219,4.491833843,5.232171245,5.966449544,7.288787968,3.995300979,9.776405773,7.548290301,5.909756053,38.54773655,111.5449577,18.56962915,3
33.31011858,37.04240765,67.37455637,2.043976334,4.262825221,4.970409274,7.376835044,7.757231119,3.914300707,10.73094519,7.276450698,6.314804661,39.23758042,112.5480001,17.85921024,3
33.77132162,9.667553265,5.270658435,11.40625733,5.547029544,2.784498459,15.41404045,4.214515948,2.955507855,18.09156159,2.701007309,2.856039881,13.53470271,10.18692424,5.27057827,4
24.28421485,32.91909348,52.27682584,10.01345277,7.582023881,0.589264941,2.490391774,10.36313979,4.30103361,11.62878487,7.275135897,2.793402651,11.852729,2.488860413,5.204607798,4
27.09508796,44.31678974,63.25593168,6.382095854,4.60871948,1.983955047,5.101106949,8.716779207,2.245614995,11.50263585,10.33981841,3.765838731,14.9449749,1.001020429,4.737774246,4
33.99486922,37.19942565,82.40047148,5.51712064,5.232009665,3.223643907,3.693513428,6.091732239,3.756137779,10.9381412,7.829817377,2.963348774,15.87947572,1.122820864,3.701013304,4
34.69785024,41.98013812,84.59956937,5.407121156,4.935886525,2.805627243,4.35654625,5.862370319,4.720791824,11.56639543,8.321316323,2.618936968,16.15289787,2.893698205,3.53315422,4
33.28846117,43.00448389,82.37896238,5.732986713,5.280656727,3.674724831,4.33836867,6.11242989,5.104293557,11.58166955,8.463472419,2.786965972,14.43065393,2.218711485,3.385521564,4
32.92886442,41.55524918,79.1848832,5.980365132,5.114339991,3.746239882,4.362790957,5.554745786,4.902275771,11.41011338,7.882491077,2.754005655,13.53803685,1.882409822,3.675722407,4
30.46228143,43.15928942,71.81719594,6.375503401,5.042658905,2.855697956,4.148617846,5.584073864,3.9141227,10.57356289,7.439041781,2.680375098,12.01469728,2.016222913,3.726700276,4
31.04663297,43.0546538,75.54576085,6.255043245,5.083265291,2.897963403,4.16531515,5.46977672,3.94288057,10.9698625,7.736413729,2.47576931,12.95965408,2.100729641,3.606618229,4
31.61163308,42.46809166,77.89881698,5.874639361,4.912976407,2.558234077,4.182953722,5.459132169,3.450518632,10.89803734,7.523159402,2.40555813,13.08210451,1.512760358,3.682405862,4
31.16930103,43.01103145,77.15504749,5.823241771,4.959685119,2.77017419,3.758784665,5.678205287,3.679304637,10.52893703,7.934160239,2.18600321,12.82397005,1.822924159,3.375421376,4
30.87087887,42.62305341,76.7706976,5.901814143,4.921912934,2.741560864,3.839646512,5.501893013,4.059389557,10.76349822,7.78870448,2.185308422,13.58598716,2.080434845,3.231967296,4
30.16975496,41.95709601,82.61814941,5.834723605,5.272069053,2.647729217,3.362978032,5.546873575,3.793226908,10.12452395,7.669541768,2.294473874,12.10283319,1.894145736,3.528398903,4
31.81978518,40.50194061,80.60167067,5.879572443,5.155039878,2.760251968,4.747380425,5.31686696,3.663128601,11.68115253,7.168824897,2.543410554,14.05803602,1.4781485,3.849739264,4
30.71995493,40.66298262,79.2516289,6.152652989,5.185760414,2.828865336,4.066920901,4.924495803,3.319640649,11.26699794,7.246145016,2.779524273,13.4689047,0.980815352,4.497485769,4
31.28037648,38.98861635,84.48374549,5.689200091,5.506415,3.116271148,4.383565562,5.135226443,3.919630572,11.45198882,7.357881364,2.480571601,13.60207229,1.489846039,3.535196413,4
30.6642271,40.66872852,82.10555229,5.94600639,5.175103237,3.062335729,4.024805547,4.853856921,3.570167185,11.44953896,7.454453671,2.559532335,14.02146917,1.393928642,4.117562556,4
31.17971513,38.80032653,86.03095944,5.818145983,5.228690596,2.652951106,4.292621426,5.195643659,3.34908882,11.42509751,7.601510216,2.483797379,14.12514866,1.340301892,4.080736711,4
30.56604597,39.65219284,81.96700604,6.079552559,5.293197041,3.096425775,4.259719815,5.193765443,3.892384093,11.4587176,7.302197384,2.607643808,13.51657681,1.338095561,4.013528463,4
30.13277158,38.9751892,83.88628279,5.929565096,5.339727619,3.312258378,4.23634011,5.243070538,4.21059814,11.34695903,7.39423088,2.559763639,13.50852521,1.279808449,3.685829971,4
31.09615082,39.65141301,80.9135831,5.994895612,5.354205762,2.981542302,4.493558483,5.197086798,3.887636926,11.62754168,7.203735188,2.75921487,13.42578942,1.351361105,3.900947069,4
31.44823874,39.68992615,82.82116491,6.12871193,4.923403799,2.89752983,4.791284874,4.978003818,3.593821725,12.01639223,7.296840209,2.626689136,14.15341555,1.078633138,3.865629636,4
30.06889921,41.41452731,77.95587266,6.162874974,5.195926526,2.691249595,4.450585509,4.931599421,3.308211249,11.50642554,7.254717442,2.71473995,14.11043338,1.228601528,4.090667528,4
31.53114948,40.02014395,83.80121782,5.885247207,5.210519075,2.652782982,4.292192485,4.96632826,3.141356982,11.67891539,7.434140082,2.509398722,14.32234833,1.552932471,4.062063761,4
30.49194879,40.69815779,82.24830493,5.936159294,5.224213501,2.911969058,4.309268646,5.16121501,3.735242508,11.75129527,7.465138915,2.29011173,14.13615598,1.396667265,3.620162274,4
29.56321208,39.54208362,81.05419017,6.183944364,5.07817433,2.76746771,4.507869846,5.125328224,3.449540037,11.75563107,7.082622818,2.540207436,13.5529031,1.114230863,3.72559047,4
31.29697068,39.465649,83.03932375,6.056697182,4.846538014,2.619797372,4.249350944,4.851935043,3.485668914,11.55298521,7.31207818,2.505539597,14.20704369,1.361742249,4.110967963,4
32.12028109,39.10527811,82.43107257,5.813124076,5.243998488,3.146991806,4.401297464,4.949657944,3.916584877,12.27212994,7.472608966,2.515711116,14.91362564,1.475790753,3.891530394,4
31.13716116,38.75897856,85.38441271,5.702675219,5.127492438,3.187159328,4.50985043,4.894726135,3.706707324,11.72511445,7.451538549,2.513933352,14.48004059,1.318400602,3.737002895,4
31.74599179,39.09685212,88.50929227,5.539080168,5.029172527,2.869888082,4.558404574,5.097620141,3.576984356,12.07448141,7.424105192,2.44888511,14.97233186,1.630398587,3.802901316,4
28.81040753,39.4004394,84.56401774,6.012063243,5.303891505,3.196538489,3.800202844,5.120338614,3.789489272,11.00482346,7.641290515,2.255579935,13.06136996,1.506402363,3.490688843,4
31.07906859,40.63428425,79.28424094,5.699421847,5.462160965,3.073124595,4.624261359,5.352073538,3.995659701,12.08229529,7.45317284,2.394675867,14.61653712,1.806642601,3.630007835,4
31.80426715,39.05235621,83.36176151,5.910522107,5.071553638,3.23493851,3.946406514,4.919124837,3.748338896,11.38565695,7.233129108,2.623214326,13.72308586,1.218478601,4.04926451,4
29.88537974,39.81753765,80.0617032,6.038262575,5.279358904,3.053881015,4.47545413,5.334430002,3.744546225,11.80812272,7.441390978,2.369464664,14.09116183,1.628661829,3.594699276,4
30.97977459,40.8215137,80.98299114,5.798907723,5.19140885,3.009688555,4.429896058,5.483317966,3.756122939,11.60666776,7.720520795,2.312281256,13.62373694,1.761896003,3.440920661,4
29.58514959,39.00018624,80.31443307,6.185910542,4.922125542,2.92084979,4.281959434,4.871589268,3.563415681,11.55473303,7.350246231,2.437276364,13.43107041,1.083941528,3.360545189,4
29.99036052,38.70937702,83.34346062,6.01559554,5.127407082,3.003425124,4.267833281,5.038662175,3.802097728,11.4449448,7.098136777,2.55153978,13.43822242,1.522116278,3.524625618,4
31.3121345,39.48008983,83.075371,5.894818117,5.421851108,3.022015617,4.777969025,5.455709051,4.034309034,11.85403673,7.642108286,2.40462753,14.15377392,1.597072194,3.704587523,4
31.27849898,39.51568042,84.10282212,5.892397134,4.932551412,2.887989318,5.011933923,5.073220162,3.497758897,12.44974956,7.337999745,2.506196005,14.80406814,1.131147162,3.898592851,4
30.8667798,37.92529932,80.82945315,5.947165983,5.227291273,3.513800666,4.443809962,4.877267517,3.913359345,11.37470119,7.091157168,2.640960295,13.96031178,1.204174336,4.033751012,4
30.02980052,39.45045163,82.0818639,6.240562575,5.073027397,2.724827874,4.541174575,5.136222,3.544155306,11.31090869,7.255321152,2.614028945,13.70222482,1.489199167,3.965886758,4
29.93534444,39.9509215,81.33824244,6.157808981,4.998281605,2.776044171,4.601453877,5.121326446,3.450269944,11.72934617,7.493148058,2.615803195,14.22009794,1.277930251,3.970029917,4
26.23600125,2.315311156,14.85076525,56.71865501,138.5616518,19.46786305,44.45401404,164.4742048,4.269336648,30.76868198,176.001336,7.290451514,34.29363231,169.8336534,8.018921775,5
24.4630616,3.685931102,13.49950383,36.85494383,140.1069296,13.31741095,26.75479609,144.9095069,6.017866835,13.04551206,153.5615199,7.567529954,9.883820469,165.5665473,7.03836541,5
26.66770171,6.132131426,23.37863149,30.2980185,129.6591243,13.63739675,37.38488318,129.5196377,10.71868525,42.88167238,131.9346209,14.6255359,17.22142298,163.4639734,11.08172312,5
26.4451366,7.763363129,24.12758187,31.29911728,132.0299932,12.72332095,44.91623172,124.7000557,12.5431973,48.6082154,127.503855,16.58298654,18.53540642,165.7153309,9.505725098,5
31.24867479,6.558427732,27.57212952,27.81855923,135.7961586,11.89202803,42.97651047,126.3101774,12.27989847,44.22027833,130.9355945,16.24399098,14.48526865,163.9028637,9.520961247,5
31.08976386,7.698478033,31.19084091,28.50712446,137.1071756,11.23901897,43.83226214,127.0907866,12.35488099,45.85930855,130.3534684,16.34031425,15.14991061,162.0982517,9.417589718,5
31.67298504,7.665626857,30.30454284,28.05273854,136.8057791,11.0812264,45.8699857,123.9389062,12.34412726,50.4869826,124.8254361,16.93945632,15.05245671,159.4020524,11.02215899,5
32.96374439,8.039597072,28.98671814,27.99024953,139.1987758,10.62859172,43.39901645,126.7653664,12.5867409,46.11837216,128.948183,16.92133498,13.70374417,161.3184412,9.941959847,5
32.1924182,8.162392487,29.08358441,28.12108513,138.9082784,10.60412538,43.02981325,127.6264638,12.69628583,47.10282078,128.4523659,17.60490497,13.99656378,161.2040076,10.24278969,5
31.61541851,8.326570116,27.7470503,27.35911075,139.7917105,10.61168174,40.6192823,129.8150524,12.48243759,43.96162916,131.2994423,16.51225403,14.35302373,162.5483959,9.358110997,5
32.53068877,7.668835658,30.79179928,27.96038224,138.7090382,11.09320568,42.86914344,127.610036,12.56451793,46.99236385,128.422375,17.19608162,13.76616707,164.0025749,9.791186018,5
32.24947866,7.224245041,35.47670939,28.86080563,137.3836321,11.23399024,44.64929798,125.8604809,12.66740174,48.32096841,127.0334809,16.96253638,14.59997,163.4467384,9.27880046,5
31.61515598,7.578193495,35.31535953,28.3972977,138.8518734,10.75993432,43.56870797,127.8289231,12.66451231,45.48214335,130.9823864,16.88803766,14.21130795,164.3722372,9.681782605,5
32.37622363,7.088669921,36.55327748,27.78658376,138.8667654,10.7278074,44.07735845,126.882545,12.53759689,46.02018437,129.9729008,16.65436779,13.09827859,163.6173175,10.09524169,5
32.56617115,7.058852057,37.48649785,28.10455747,139.9065694,10.40293602,46.01889998,125.3704747,12.73681711,46.77080534,129.5420125,17.08563578,13.23160781,163.4194519,9.935686109,5
34.18560944,7.213185361,39.24545268,26.80242319,141.8701725,10.3764443,40.46309869,130.8020133,12.53338443,42.77335943,132.8376604,16.61779122,12.69904349,164.9267857,8.607356937,5
34.95734192,6.861498613,36.07282839,26.77573927,140.3968145,10.56855943,41.75415991,128.1390768,12.70275897,44.58681522,129.9613698,17.08775354,13.09151026,163.0467482,9.792732622,5
33.83542987,6.856639227,36.23440448,26.69271322,142.7062331,10.37536758,40.56276554,130.3426457,12.90174199,43.44356349,131.9174588,17.32864975,12.32161988,164.6306117,9.213258378,5
33.54456328,6.713588073,33.99282458,26.26960055,140.419537,10.95589612,39.58094206,130.3879815,12.1778673,43.1318603,131.4640464,16.14236214,13.01039727,162.0941219,9.517530339,5
34.81087724,6.819732432,35.41821527,26.15423122,141.0234664,10.24718769,39.7343702,130.0438827,12.1275243,43.27714837,130.9734323,16.23153623,13.44200502,159.8202609,10.01164464,5
34.11062808,7.556799694,31.17598719,28.08188508,138.9643945,10.64350782,42.53629773,128.048149,12.7376095,45.04743906,130.3383166,16.64126784,14.08914321,160.8782356,10.40118204,5
33.48326479,6.817004663,34.5405577,26.32465974,142.4147153,10.44856267,37.72453467,133.6400942,12.08955744,40.91559222,134.8051083,16.05171148,13.16852709,161.8978315,9.442243397,5
33.56370832,7.828273553,30.55887726,26.14132251,141.2320984,10.68186946,38.79616391,130.9082395,12.17123766,41.62809276,132.2878837,16.13293806,12.00841231,159.7558932,10.26448913,5
33.40736088,7.938762335,32.00451749,26.49856912,140.6613204,10.73723633,38.97065289,131.114601,11.9808954,41.66028743,132.8130362,15.91133129,11.93995633,161.112151,9.772139809,5
33.72415027,7.670295352,32.06943172,26.4887422,141.0546236,10.58089265,39.43209627,130.8927989,12.15448352,41.99418823,132.8716844,16.07441168,12.81943181,161.5320096,9.600092474,5
33.57789561,7.838728339,31.02715828,27.74284128,139.653812,10.83911806,41.25446257,129.1255732,12.6566069,42.53003911,132.1347056,16.24005473,12.43424642,161.7977312,9.603841571,5
33.17500105,9.402650567,30.83838583,27.83698112,139.4759443,10.9556945,41.80581786,128.7473115,12.38213724,42.72246695,131.7477066,15.51070568,12.99407755,160.9301982,10.04267791,5
31.14998776,9.583027516,29.74132434,28.59720332,138.1873432,11.15020669,43.09490809,128.1548753,12.50869775,44.8074657,131.1234621,15.9371044,13.65951448,162.7814603,9.763633074,5
30.77683459,8.691088372,30.02111521,28.04459676,138.40341,11.190558,41.26549921,129.6577665,12.07623902,43.20535174,132.1189794,15.03266101,13.59062266,160.0743735,9.759732885,5
30.56448913,8.536393486,30.11628694,27.60158215,139.2575957,11.19558744,40.95245865,129.1936688,12.07907328,42.0529098,132.4196496,15.0018206,13.20295233,161.3573889,8.940104199,5
30.50117534,8.408123633,32.65480003,26.85560066,140.3488289,10.8992488,39.50712936,130.719651,11.7822923,41.67236903,132.7037285,14.87948409,13.65240313,160.8238376,9.903576598,5
29.97755659,8.464719574,33.54221291,27.0957547,139.8215251,11.09069635,39.40951235,131.0830041,12.06532819,41.40495733,133.3546395,15.2460804,13.07511705,159.5414976,10.25597618,5
30.25062578,9.066828299,32.08080628,27.59670864,140.01196,11.15585412,40.13884296,130.6894836,12.28870769,41.52670706,133.488966,15.36511745,12.84313873,159.9422776,10.0286862,5
29.69989677,8.595262144,33.00245048,27.20172461,140.2100471,10.74490834,38.24727163,131.9403424,11.87841336,39.16655028,135.3576054,15.02021288,12.62277537,157.9283166,11.07426212,5
29.85712952,8.527713492,34.308336,27.21489125,141.0075391,10.89653745,39.30073771,131.7101787,12.04115554,41.89337027,133.2031182,15.29475193,13.03582557,160.0663578,10.04345113,5
29.67011473,9.517712861,34.79096763,27.23467699,139.2611622,11.09861585,40.43877072,130.1049428,11.93010979,41.97848878,133.0130191,14.88931426,13.71957598,158.6702441,10.71176234,5
30.40078527,9.788525405,34.14571644,28.06414019,138.1383042,11.36912458,42.17178587,127.9585346,12.14727388,42.86343593,131.8194641,15.12501779,13.46487332,160.427344,9.6055314,5
28.03257117,9.582731606,33.92506049,28.56324321,137.1290699,11.35352263,42.82125463,127.6926063,11.84065978,43.42365312,132.0634324,14.67036969,15.41290922,160.1448773,9.736632235,5
28.24892305,9.27501162,36.70287887,28.24801984,137.4542974,11.25811049,43.12226114,127.5070673,11.98246766,42.71376096,132.8476115,15.02823559,13.94780799,159.1855223,9.939599102,5
28.74046289,9.615278139,35.81637776,29.30997369,136.6930326,11.176625,43.78875465,126.9159551,12.26949264,44.24930103,131.5112037,15.50772753,14.77022911,159.6429579,9.739852482,5
28.84813346,9.821426361,37.52495634,28.24554547,136.793863,11.145406,42.09257753,127.7938759,12.28062604,42.5433167,132.42285,15.51756171,15.22717179,159.8212711,9.891823771,5
28.62820046,9.670978735,38.23339014,28.71266845,137.0056126,11.14179426,43.44202664,127.1521539,12.29711095,44.57286653,130.9261698,15.39363304,15.21380529,160.8092914,8.834752561,5
29.92100002,9.46676474,37.74715236,27.47900278,137.8869178,11.1029232,41.90380343,128.8177495,12.40478918,43.1177311,132.8885991,15.88984349,16.04111417,159.9735001,9.289138863,5
29.82552749,9.875650238,40.04599102,27.95071504,138.897176,11.21564282,43.63777776,127.474378,12.85583603,44.0177657,131.5893717,16.02733074,13.99657868,160.7196753,9.066351669,5
30.41174995,9.21368543,38.54197152,27.54868898,138.1688052,10.71140726,41.54031257,128.6913214,12.37908156,42.20966302,132.9702793,15.61357052,15.45991731,159.2455136,10.3678298,5
29.22145159,9.535586441,36.62471095,27.25719501,139.4800273,10.45510442,40.2904439,130.5064552,12.47808754,40.93046139,134.8781383,15.73258196,14.79635074,160.0243069,9.297431918,5
30.25273537,10.29563958,35.7724844,26.58711158,138.6726232,10.91871915,41.30353264,128.8078555,12.00853416,42.08603658,132.9661911,15.23649945,15.66036558,157.7824831,10.51625432,5
28.98017454,9.514640627,38.33632714,26.43827796,140.0404066,10.73526146,39.66541818,130.7014091,12.21241121,40.98825879,134.020906,15.40366678,13.91630698,158.181023,10.09142864,5
29.72767329,9.163982454,35.17844019,25.66195797,140.0846004,11.24771833,39.06873212,130.7220342,12.18404255,40.76920467,133.7480828,15.32469557,14.54964484,157.6745874,10.94333359,5
29.87939817,9.782251633,36.08786347,27.24258698,138.9356245,10.88931546,40.18419072,130.3742147,12.50361311,41.32491522,134.2868296,15.66032124,15.01228811,159.1097445,10.24332259,5
19.39535512,8.259041808,15.97948703,16.08081818,3.341096644,9.376740254,13.44050048,168.7798661,14.42303193,8.599070427,159.4393634,21.46621281,27.17849982,124.7370991,32.41106057,6
20.27736761,5.084382779,18.04285294,21.84142049,1.876544557,3.146986695,17.6936559,169.6795163,12.88034892,4.452025642,155.8180013,19.15899282,24.93001959,130.8039219,29.04784976,6
15.77073265,7.681174538,20.61374466,20.16673892,3.140543315,4.547702998,17.25713701,173.8288877,4.515799907,4.997876049,155.4757531,11.97056276,27.91513143,135.1576215,20.59708764,6
16.52850435,8.311820362,17.62562409,19.64554333,2.468198867,2.120015153,16.69575495,170.1761861,2.167919697,7.508808525,151.5007224,9.790828872,30.22155333,134.6050101,18.19139751,6
17.20593085,7.751252533,17.53176576,20.39355699,1.36765925,2.958172483,18.27533796,167.0745126,5.864115438,8.157010469,145.6186325,15.59583535,28.08004408,131.2063116,20.14164192,6
16.84782495,7.763376054,17.0866731,20.741603,0.797774255,4.051684556,20.01559002,168.0767679,6.050890404,7.541618847,146.5981328,15.99722588,25.3712825,131.3673297,20.62715402,6
16.83958446,8.343060983,15.39433942,19.19604243,2.190956694,4.693596737,19.332197,167.7623696,6.782305797,6.206430101,147.9675334,16.15194337,22.48690864,132.0436746,20.49590889,6
16.47558396,7.488246742,14.98225383,22.02385251,1.599976993,2.691912963,21.20510717,170.0456666,4.124356763,6.282746912,151.1697894,13.07624367,21.6639726,136.0223799,17.61776857,6
16.67799555,9.099106438,15.70302617,20.75653189,1.533669069,2.74509835,23.42483685,168.4668158,3.764553673,9.441945235,149.8832745,12.33051848,20.10893628,135.1656543,17.34650464,6
16.45847755,9.052016784,16.6695472,21.33313329,1.927829927,3.290108627,24.25622245,166.0320763,5.179920624,10.27171515,148.4729674,13.14300504,20.83832862,134.9986168,17.04254108,6
17.14703575,8.092629884,16.85226933,22.40413279,1.604382827,3.586036957,25.89891905,166.390343,4.261206929,10.5920385,152.34595,10.55516525,18.76247351,138.1221061,14.94401067,6
17.82964152,9.263254103,17.92695394,21.01514084,2.209065954,3.11662252,26.81135207,163.9892719,7.504389357,12.47809762,150.3197682,11.74401951,19.49896477,136.7669643,15.41596039,6
18.39026844,8.55609083,17.465559,21.99362437,2.73273595,3.995306549,31.37337449,155.6599056,14.1559684,15.98086919,145.6860309,14.35618248,21.96564884,133.7369207,15.26122494,6
18.90188463,8.42323834,19.42340052,23.2305281,1.921002765,3.520652509,32.53057654,157.1884425,11.19238756,15.23839682,147.0198671,13.26376916,21.64905791,134.4841346,14.81048553,6
18.60073035,8.37311654,19.54715358,22.74450204,1.832599224,2.806636609,35.26947236,152.931825,16.75405977,17.10004414,144.5443712,15.86026746,22.32793819,135.0038568,15.27417275,6
18.61457687,8.019128223,19.93901807,23.14273414,1.896004877,3.295813521,33.9631501,155.4700881,14.00187874,16.28680713,146.1183962,14.90818323,21.51971827,135.2753219,15.28303914,6
18.61230782,8.676466868,21.13875187,22.65358602,2.082928575,2.748687619,34.79390435,152.9213126,16.53435798,17.6841986,143.9309052,16.10040723,23.77483645,133.3003184,16.59104993,6
18.05044051,7.768429584,19.49913341,22.57681836,2.099716549,3.257248938,34.69567251,156.7667824,13.88105201,16.12818855,148.8526657,13.46650244,21.13332168,138.1816202,13.63267556,6
18.28458081,7.459888876,17.2601173,22.24217197,1.997919179,3.170668989,34.54431994,154.6461737,14.76675001,17.24463012,145.4550067,14.8023929,21.3714067,136.3599859,14.63604536,6
18.54992659,8.022476034,18.4325111,24.59672751,1.858712527,1.990555583,35.49750038,152.1586909,16.33196116,18.50153541,143.0805426,16.64476652,22.44134324,134.183134,15.704832,6
18.29153461,8.12190965,19.47261812,23.91301862,1.840917847,2.085270192,35.12525497,153.3458871,16.1926732,17.53393161,145.5885709,15.71607387,20.84979209,136.8917242,14.50041779,6
17.3404725,7.50729414,18.52551292,23.12523092,1.895455804,1.930607959,33.73642065,155.2057904,14.76723182,16.62257052,147.389791,14.43950905,20.12234655,138.5849005,13.993646,6
18.43374517,7.020542257,19.10402386,24.6637496,2.154887184,1.831377404,35.22495407,153.6569223,16.25265144,17.84280405,144.8751183,16.07905369,21.77524253,137.3243956,14.76083152,6
18.04277695,7.623140841,18.07111712,24.54856217,2.103300827,2.767115146,33.75421132,156.1852923,12.55926723,17.03241268,146.547076,14.17552726,21.28931814,137.164005,13.87056804,6
17.63809662,6.8349494,16.31867058,24.77857601,1.714514836,1.914407798,33.93881178,155.0744106,15.67944151,17.55660904,145.5974952,15.6981014,20.31289613,137.7508691,14.38008925,6
18.94357331,7.598732063,16.11931441,25.17186832,2.22369676,2.413773555,33.41434086,154.4736882,12.72923171,17.2402594,143.4885383,15.71129749,20.91474737,134.7905645,14.8061424,6
17.98494643,7.364919392,16.17455591,24.73447242,1.622212509,2.248670204,34.64234915,154.0414904,13.98407148,17.8183799,143.731271,15.88714509,21.03640045,135.3455871,14.78906206,6
17.97154824,7.948806619,17.95460346,25.56000049,2.29294264,2.832602249,33.95500974,155.8704969,12.48101832,17.47455288,145.551165,14.38132631,20.60238209,136.7041585,14.07297665,6
18.4526264,8.373542363,18.36642224,23.15348659,2.178976882,3.708785449,34.55567315,153.8109421,15.16500015,17.15439762,145.6966659,14.80018154,21.55825908,135.6597783,14.99459564,6
18.79063043,7.708233928,19.10985338,24.88652377,2.142800102,2.833233703,34.6320727,153.1164867,14.2287752,18.42414192,142.7495219,16.02660893,23.89073478,134.2300795,15.01425506,6
18.11483282,8.149051046,20.12610431,24.19255989,2.215823707,3.08087121,33.13088269,154.8961069,13.66285032,16.67464774,145.4987675,14.70538103,22.59159061,135.3499365,15.05292393,6
18.87445162,7.648810799,17.49737634,24.34772425,2.461619578,2.020613421,35.58540456,149.6004668,19.21868416,19.25952956,141.3586211,18.75718596,23.85504977,134.2793851,16.49529253,6
17.88945801,7.411263721,18.71133945,24.92216912,1.985617904,2.912302261,34.10561058,154.4587023,14.9217673,17.46627904,144.9633904,15.6168459,22.04500688,136.2700653,14.87403663,6
18.64157418,7.760327834,17.46744181,24.51957402,1.866547303,1.820763464,34.02794673,154.2182127,16.36682863,17.0675836,144.4979238,17.01017079,21.13594449,135.8089187,15.56659529,6
18.67989808,7.66404635,18.82148658,24.85610101,1.890624987,1.520249941,35.95419194,151.883127,18.05247203,18.22411779,144.5758509,17.13132302,20.76145807,136.5265503,15.85737765,6
18.25048445,7.860135452,18.75203481,24.79484828,1.58763463,1.483468864,34.52874994,155.1294468,15.61757353,17.78230102,146.7054664,15.60432544,19.78756347,137.8164371,15.50388951,6
18.14871088,7.504779754,17.59476702,25.81582884,1.568074837,1.521550559,35.06399384,154.6210385,16.2585747,17.96259505,145.4235243,16.44766095,20.73338767,137.0772543,15.33171066,6
18.97552989,7.891822101,18.70178751,25.48062905,1.615941323,1.566909482,36.41998885,148.4265654,20.09350867,18.84444715,142.2851621,18.60412643,21.38009425,134.9088404,16.91792014,6
18.7958364,6.877526703,16.79010736,25.5331028,2.029469754,2.048862621,34.58922657,150.3503033,16.77597891,18.37038373,142.8003102,16.68092187,22.64944154,134.4829381,15.4908374,6
17.92163203,7.509853345,17.80151332,24.26983239,1.98420651,2.073927971,33.23135422,155.1051731,14.64277036,16.69919454,145.970419,15.07116504,21.32420659,137.0443703,14.40003933,6
17.41739369,7.284974893,17.49001451,23.89080478,1.970860486,3.352905621,32.65520783,157.2302988,11.69872442,16.24788531,145.8701779,14.43998453,21.47223573,135.8736571,14.6357431,6
19.01337159,7.112309441,18.4883732,25.01840392,2.06832612,2.648041399,34.74810495,150.7374468,16.32419904,18.79994091,141.5207971,16.77185787,23.49070126,133.4005009,16.01568827,6
18.43843531,6.979985402,17.02294963,25.4190253,1.881791017,2.138797222,34.96616428,151.6813498,16.04858922,18.19720947,143.0553356,16.61530139,22.21380296,134.209983,15.35699464,6
21.24787463,9.96881334,15.01605938,6.457101377,1.548009777,3.809363932,13.49443547,3.150662801,8.972447884,14.34907704,158.2281791,30.06876484,32.40729609,136.3283782,23.30624761,7
17.03651439,7.637922385,21.00034675,3.047769786,5.511511861,9.588252585,11.44486681,6.971188255,15.04793163,28.84854627,122.3205317,30.99302831,57.31512161,102.8454731,37.00272956,7
18.81896335,8.952778742,24.20993306,2.260665908,4.412053539,6.742442478,20.15497403,6.115572975,9.383858044,15.06086953,146.1562007,15.33311551,56.02670975,116.9223893,20.19906715,7
14.74074434,10.01100035,25.1603009,2.260352801,2.155302451,6.127341534,23.35235539,4.165206863,9.976448287,5.778237436,144.9995913,22.14610919,30.82375676,121.3693385,28.54446207,7
14.77711215,10.50286896,25.43102781,1.390377939,2.535467621,3.29647239,29.21109738,4.263069418,9.696274329,12.60151473,158.6188534,16.13424007,27.69611782,131.5336014,21.05481511,7
14.95722243,12.0740379,23.44758477,4.198580744,3.576465228,3.055212731,35.07927538,6.241313047,7.486321449,24.17544967,162.0588576,12.6818508,22.169889,141.2407826,14.67660117,7
16.39139977,9.936565442,24.80608593,4.909093539,3.631202019,2.686268788,36.00512464,5.148782224,4.637098642,27.88196242,161.1089354,4.821544225,20.69903537,146.0979003,7.786013064,7
17.28534944,9.886249607,25.7980268,4.772165886,3.990415415,2.193894997,36.64846141,5.400037728,3.270959977,31.48576174,157.1545287,5.536656453,22.46245327,144.5272979,7.554641451,7
17.55119861,10.11062109,25.17647549,4.580185395,3.616774758,2.410447752,36.45115531,4.825754679,4.182644559,32.52952271,155.8240317,7.033735241,22.57120231,143.7607029,8.469068105,7
17.59799996,10.16622938,25.97454293,3.852506722,3.283084656,3.075233281,35.59935949,4.968914712,5.103962598,31.59576527,154.2394437,8.440096078,23.91023817,141.244454,9.084061355,7
17.0051652,10.30050785,26.24799765,3.940327594,4.113508621,2.577397738,33.50191782,4.565749507,5.327851515,31.31341335,155.7449763,6.723622854,23.31612506,142.2148227,7.249065754,7
16.95197788,11.1265106,23.54581915,3.325506055,3.525989383,2.398598733,33.86703214,4.011281483,5.22974876,32.27938974,155.1411543,6.440959711,24.1121391,141.4814533,7.328057851,7
18.42997614,11.69934625,22.58314583,3.112309065,3.281376701,2.997361509,33.45365162,4.50953662,5.721037151,30.35151422,152.597584,8.942966418,25.32651955,139.4252166,7.997407921,7
18.09887613,11.16024658,21.88064337,3.008030062,3.068132759,2.691797891,34.07510471,4.374372459,5.063904165,32.93740808,154.468608,6.930391838,24.48981246,142.0262719,7.090244798,7
16.89851851,11.02641664,23.48792682,2.155583741,3.13706784,2.661527619,32.94558708,3.893130893,5.359022335,31.98157178,155.8086013,7.279981152,24.04174507,142.8489748,7.108296848,7
17.40829996,10.43901221,22.88413912,3.178343531,2.893712231,2.611340947,33.88765533,4.257173231,5.723599735,33.18965797,154.3876355,7.08144937,24.10990267,142.2702985,6.525174753,7
17.60165445,10.67672647,22.48054229,3.66565329,2.895462977,2.121172938,33.8632017,4.283088214,4.94907424,34.24775249,152.6543828,7.524273862,24.77851921,142.8706558,6.889309536,7
17.5422772,10.7371566,22.24326121,3.563987107,2.697938923,2.783050653,33.74895577,3.600939902,6.572013539,35.79681577,153.6919477,7.230308058,25.74573045,140.7642271,6.87318643,7
18.13822744,10.65946695,19.57088581,4.785241591,3.496760051,3.476497416,33.68871281,4.302199188,7.485994114,35.82112931,151.1382973,8.607214957,26.89292782,138.9031994,6.453072585,7
17.98799761,10.74766983,20.95454383,4.176459557,3.11638685,3.114022886,32.9728108,4.311824604,6.829314271,32.93480474,151.2396873,8.404479944,26.26554884,140.6632118,6.429181565,7
17.62223683,10.69016026,21.59775887,3.185428646,2.770489308,3.359202377,33.48218111,4.54646915,5.901700999,35.05942442,153.1776215,7.122007283,26.13999555,142.2425792,6.259756446,7
17.28223351,11.11743469,19.6358705,3.370481873,2.89219924,4.022712819,32.40283772,5.194036432,6.148217742,32.35996725,154.5223611,7.141178443,26.00153008,142.4570957,6.727662556,7
16.36006546,11.55889578,20.22395826,3.232851427,3.632017529,2.489165809,32.38777472,4.714410554,5.098656301,31.66546043,159.0626872,4.468427131,24.01572575,146.7521427,5.411238583,7
17.14710089,11.37742963,20.46313278,3.618551985,3.608079126,3.235308826,32.8061968,5.105927472,6.682138384,32.11713378,156.7899927,6.374344396,25.44229578,143.1848611,6.381898627,7
17.61911729,10.92977038,20.70970556,2.985660121,3.089640881,3.721813775,31.83983296,4.562921277,8.742517327,27.78015723,158.510577,8.86241238,26.0670669,142.876742,8.184192241,7
17.32087473,11.23103821,19.92763261,3.373810011,3.638401696,3.206431811,33.22804031,4.612269051,6.667166935,34.54803409,155.7243386,6.478362,26.21779997,143.0147102,6.273573723,7
18.07544269,11.75848559,18.59278728,3.000375876,4.373370823,3.589295415,31.94383894,5.402055436,7.547476468,30.77881562,155.4250869,6.864359281,26.5559601,142.5087886,6.614030417,7
18.14398721,11.2180456,18.92707051,3.516040756,4.144094002,3.081484006,33.01549472,5.472257547,6.60750908,33.07511692,154.473843,6.499108171,26.17350394,143.5381749,5.75629055,7
17.87647976,10.97726365,20.48826601,4.174738205,4.040624606,2.532996731,33.03784526,4.76181084,6.944809817,32.77891118,155.3670239,6.111887726,26.64471964,141.9724071,6.367397591,7
17.56926351,11.46663545,20.31880715,3.381524332,4.279170413,3.070273538,32.35115186,5.043530117,7.192698867,31.65003808,155.9894681,6.922708351,26.44309317,142.1543978,6.736481701,7
18.3571382,11.47589383,18.90584535,3.990546609,4.406791918,2.894344296,32.48826407,5.415964309,7.137863843,31.29259655,156.3711588,6.101313362,25.66166713,144.2984434,6.070214543,7
17.80768714,11.48390284,20.30091934,3.951687837,4.337535289,3.212563094,32.52264159,4.746717745,8.054103339,32.71299069,154.8959458,7.808337276,26.11200022,142.5077719,6.250310286,7
17.38917294,11.02314045,19.02194516,4.24286426,3.72264509,2.992303521,33.36817957,4.845344938,6.763138463,33.78306139,156.373974,6.002481794,25.50435967,144.9101786,5.766396902,7
18.09545141,11.10838612,19.32770806,4.88244689,3.920228876,3.410029522,33.72464899,5.031316809,7.376460338,33.5789254,152.5779891,7.071068168,26.79598397,141.4397227,5.669239505,7
18.38512101,11.85003989,18.48640248,4.190508425,3.13439052,4.220306158,33.49115488,4.834545684,7.552999735,34.2222666,152.4884285,7.821069301,27.60963068,141.0788823,6.607993105,7
17.51647184,11.06480871,21.44051706,2.713503218,3.60944471,3.876438704,31.03428524,5.404904195,8.355478382,28.27809867,159.6388871,8.052656715,25.70297832,143.768606,8.204368703,7
18.39329048,11.01445463,18.40813898,4.127182734,3.987991476,3.480128106,33.11045506,5.201505107,7.861885441,33.75180451,151.3358594,8.181194252,27.30242686,140.2982353,6.659575172,7
17.83300614,11.23371009,18.72152318,4.845937046,4.21181954,3.809018783,33.87649931,5.623173429,6.496535468,34.45732109,153.7922073,6.584600327,25.96151381,144.3656719,5.469946432,7
18.03793626,11.20408378,20.22445415,3.319726272,3.837210989,3.969551371,31.71444911,5.325953501,7.679339665,30.08031226,155.1150919,8.310120586,26.11984066,143.0719202,6.894088226,7
18.43317024,10.87670066,17.85645823,2.638787944,3.606028725,3.898623705,31.88469193,5.660724256,7.601129058,31.70399649,154.1309472,7.483885397,27.6456501,140.7303351,7.403285603,7
18.68369986,11.55380139,19.07644114,3.727828596,3.738778413,3.679348241,33.27447098,5.140576784,7.057723125,32.97484755,155.0066808,7.923592084,25.84186879,143.2956477,6.854344579,7
18.08987201,10.27124371,20.8874753,3.829713249,3.773317066,3.082127639,33.0609885,5.255936247,7.071819593,35.28075808,152.7744969,7.298463387,26.64970495,142.0418303,6.814173271,7
19.21809697,10.67642529,20.06204962,4.604351261,3.97448624,3.328625338,32.64614449,5.242238533,7.408490555,32.49254668,153.1788528,7.999381316,27.15612714,141.8340723,6.59779313,7
17.81377789,10.69254638,18.8661495,3.247754522,3.398693068,3.052139505,32.02943925,5.392075662,6.571707765,31.65815724,157.8665404,5.453828674,24.1632964,146.0366223,5.979741607,7
18.81852481,11.27621184,19.51630803,3.782332551,4.031275526,3.602616963,32.94368815,5.053242862,8.447792241,33.54326254,151.2980889,9.270334829,29.08117722,139.240876,6.915076987,7
18.26158353,10.44888109,19.86905827,3.087801787,3.703750418,3.463810111,32.4543999,5.279985987,6.793740779,33.9848649,154.3753246,6.744834638,25.60656317,143.6846642,5.843515661,7
18.63742569,11.29849411,20.40413569,5.561348527,5.124177926,2.059346973,33.94057281,4.435191044,6.152379163,35.15653434,149.7489705,8.295011885,26.91354413,141.0155013,6.635484746,7
18.60005971,5.19818649,11.07121747,7.218617785,3.721845553,3.434746467,5.339039757,4.786000015,3.370127683,9.812712557,9.280004079,6.466432151,26.57893193,12.67186179,12.1948613,8
9.940165836,5.345419459,9.922859799,10.66255373,4.938100999,3.362714899,10.88755191,5.048775609,4.304539861,5.840033931,0.628291445,5.816346334,18.80168165,12.79596984,3.044381872,8
10.16986083,4.856608844,20.13447016,4.435481909,3.512704902,0.6656534,3.0178337,5.250676613,1.958686146,2.61968754,5.955472792,4.4760477,12.96058492,19.49407974,11.9906295,8
18.20250039,8.366184663,14.63640485,1.119272096,3.094632867,4.045939582,2.238048267,4.136492378,4.222589535,7.462424371,1.37045792,4.733017056,26.94716979,121.4524273,29.38481078,8
16.13220965,9.852894788,12.45299485,2.135014297,4.41823446,2.11733263,2.989736936,2.401268837,2.401237279,8.927737595,5.845656615,1.882674169,11.26139085,133.6775743,23.93518361,8
17.3976044,11.26029651,10.4158279,0.893535198,6.477615493,1.184887711,5.018011554,3.313365818,0.630713463,5.629869498,2.47550642,2.93830554,26.85377621,107.1444623,31.14259475,8
17.44428824,12.3202747,9.174207458,1.670274387,6.359351522,1.631390654,4.535550982,2.942217006,0.981846546,6.498521471,3.241603619,3.366894438,25.79433685,110.7750773,31.72547856,8
18.06427195,10.93506638,11.05389899,1.706503292,7.483229293,1.715030125,5.039419743,5.178184709,2.156813075,6.273222519,1.427895094,4.224044318,27.76149498,113.6038964,34.09427434,8
19.38457966,10.74761688,13.60585382,0.718592894,6.498760328,1.586083944,3.832437194,5.406410583,2.965948487,7.69792194,0.829009712,3.060006717,25.26047543,119.4714203,30.27250033,8
18.5279131,10.43224262,12.62038002,0.157573402,6.028077805,1.436349592,4.613045032,3.638921619,2.064732427,6.080535756,2.714863266,2.471394042,22.69902551,115.5058703,29.05116484,8
18.95817017,10.26702691,12.96437807,0.680803141,6.543481652,2.105821141,3.982379547,4.803701273,2.932507883,7.703247585,0.949219198,2.385097212,20.87270483,124.9799695,28.83336327,8
18.9385095,10.72337324,12.02979238,2.397377226,5.366345683,2.086589498,2.891978547,4.054038127,4.728505012,10.40146625,1.938523232,1.078991029,17.40191415,134.7837702,24.29262157,8
18.50282138,9.957393755,12.04912652,1.102890687,6.27148382,1.70789276,4.153312954,3.978873525,2.834424689,7.51068072,2.67332024,2.661497183,25.07928668,119.1213483,30.89387447,8
18.15957976,10.10855651,11.65744146,1.279140658,6.374673799,1.423790641,3.905107405,3.923613544,2.00381264,7.772425555,2.377988419,2.879999648,27.7945922,113.7079367,29.73873401,8
19.45401312,10.08308745,11.98026801,2.133909709,7.379040219,0.865422599,5.453284809,5.086500112,1.453574858,6.645673515,1.532776316,4.870977344,40.66010611,101.2752593,32.00995298,8
20.0730157,10.80177277,11.16976641,0.943741746,5.514670075,1.229781612,3.05239787,4.41237412,1.516764821,7.61757975,1.443798776,5.398753137,38.9329871,102.6872005,34.68609838,8
18.65162103,10.30450901,10.96796328,1.903573772,6.082881477,0.806010838,3.377711043,3.926086294,1.294563464,8.39475679,2.206977813,4.146377589,31.69084205,105.700539,32.99078907,8
19.37730133,10.98816609,10.18628911,3.084779064,7.875033479,1.184851885,3.35465749,5.343039226,1.916810575,7.8484475,1.131222137,4.445315255,36.92475236,108.2968046,31.3647709,8
18.92214971,10.17223683,9.738270348,1.796207515,7.405975234,1.188298069,4.134351802,5.293635786,0.980213505,5.599909301,0.938703576,7.563341249,42.68742774,96.40894271,35.60609134,8
18.86509084,10.34953339,7.425332214,1.677656529,7.269802611,1.652252236,4.038798299,5.028604665,1.584404702,5.380106761,1.028649414,7.245485993,40.69681817,101.2266515,35.01983286,8
17.91619986,11.23357839,7.818619319,2.115746418,7.158071957,1.351662918,2.762642759,5.556814236,2.810891557,8.046718432,1.854505167,4.517078629,33.53105331,114.1539587,33.72261542,8
18.65113725,11.68837188,7.610674882,1.852094114,7.192907551,1.058488446,3.566530348,4.805530469,1.060530671,5.418905836,0.673934602,6.544942165,41.77858754,102.1770603,36.22715055,8
19.72387014,11.78790712,8.231689586,2.172302734,7.736724903,1.142115177,2.899864425,6.083495244,1.81648819,6.363215833,0.513688774,6.566242083,42.81559639,105.9883471,35.64758797,8
18.13709235,11.34528476,8.060725533,1.901122514,6.610590015,1.321820931,2.764438781,5.74934241,2.326898873,8.505695531,1.419425775,5.215677313,34.39861813,115.9423821,34.92584097,8
18.64901486,12.84452648,6.511234882,1.54876988,7.079335066,1.583602989,2.816974491,6.585358161,3.029070622,6.707914705,2.583029042,6.003205105,38.70971784,111.8281797,36.35697345,8
18.78943032,12.14051226,9.267476542,1.702956059,6.844124299,0.572934523,2.835863831,5.09280684,1.197147057,7.943000628,0.6443784,6.06028279,38.46953233,111.7706088,35.19962192,8
19.14183374,10.8200497,8.413303339,2.045855316,7.092145814,1.042936434,2.951701847,6.164124441,1.887570494,6.38343819,1.640487957,6.783307352,36.36927224,111.4993235,35.88052188,8
19.12963364,11.06739738,9.011034872,1.454684306,7.155630566,1.044946519,3.21933755,5.98590488,1.813868783,5.778108772,1.276797021,6.42668573,36.10605423,111.5572248,34.42890254,8
18.99578927,10.50512931,8.59627237,2.157224485,6.876678673,1.348469021,2.783654867,6.337285613,2.927317291,9.268917988,1.350870273,4.725238501,31.67778655,118.4783752,32.71960661,8
18.07147103,10.63328648,8.594856241,2.530515962,6.233872966,1.086480089,2.691645118,5.005966577,2.438363061,9.699972929,1.332452333,3.723916245,31.43405036,118.5717767,32.96516425,8
18.82722915,10.99189125,8.8686182,2.804949319,7.954415542,1.502701033,2.816973436,6.430612536,2.971137197,6.888235858,2.634403791,4.889952562,32.19088089,118.6932873,34.10305992,8
18.58805791,9.461657265,8.641057044,2.459206287,7.147553128,1.213579404,2.54493354,5.288543404,2.206405774,9.191916289,0.801584149,4.585004752,26.18254535,122.5368873,32.79140186,8
18.46372734,8.738967269,8.596150307,1.862998337,7.832962194,1.216500925,3.274840557,6.825279018,2.346743227,6.806581438,2.741597986,6.211072406,31.00572693,116.6818683,35.67463822,8
18.03718148,9.029370883,9.143451061,2.905378776,8.330167495,1.303337657,3.299187053,6.524947269,2.513575736,6.414801515,2.498262782,5.235070149,29.71402205,116.7730615,34.87477619,8
17.89644519,9.775193654,9.938752497,2.210091501,7.450622515,1.380743746,2.179456672,5.482067649,2.458189759,8.912389764,1.062431339,4.33995919,23.90303941,121.021987,34.31833058,8
17.8446995,9.681063221,9.55080525,2.380895021,7.41190586,1.118756466,3.299350549,4.472016666,1.482210502,7.451526447,1.838112731,4.112520902,26.1406068,121.3274735,33.33158916,8
17.80972322,9.765000752,11.09083648,1.103835085,7.563971691,1.272992506,3.409606943,5.320755558,1.965909122,7.46098648,0.564757084,3.933609865,19.89263778,122.1621072,34.97190353,8
17.61723343,9.222714532,10.07878677,0.47449497,6.671415683,1.094585956,4.409122823,4.932452924,1.705240999,6.474454567,0.778428013,5.187838997,25.18998454,115.2244525,37.83380596,8
17.16944561,8.566218622,8.971133876,1.581538357,6.592904758,1.428627424,3.019603413,4.675351594,2.104423559,8.127513883,0.665083696,3.918756228,20.67112865,125.2105057,33.79450868,8
17.71496506,9.387572387,9.434559371,1.106729648,6.823777591,1.254381236,3.762350619,4.712630604,1.843108113,7.162977412,0.65357569,4.593527642,21.33461322,124.2343458,34.83406827,8
17.74357878,8.35252537,10.04346095,1.161392167,7.102961657,1.641277027,3.481144777,5.814598221,2.302774732,6.865272123,0.82891211,6.347404492,20.4919132,120.6786847,39.11056193,8
18.10541966,9.56623982,10.29116664,0.496974966,6.60144364,1.345818065,3.108465875,5.194079791,2.363751246,8.671460148,1.768061188,3.976004938,22.61451907,124.6097777,33.86736253,8
17.33219453,9.738877737,9.943518564,1.149013723,7.122208766,1.576762953,4.010611298,4.69409491,1.471533169,6.889729446,0.463241903,4.973648723,22.16738949,120.6549081,36.0981079,8
18.74816155,8.721972733,10.22905146,1.386220151,6.76564849,1.695369606,2.439527672,5.830852525,2.742134294,7.944718578,1.698990244,5.412729227,21.76822981,129.7236701,33.14187382,8
17.99343798,8.91366188,9.374103972,1.415833101,7.379901804,1.349814756,3.445821421,6.155705532,2.074851793,6.83245032,1.686951773,5.79526771,24.95800833,122.134334,35.81722701,8
17.86643499,9.158826039,9.310804799,1.137241727,7.095687414,1.607844668,3.54491487,6.396667973,2.474394259,5.983064704,2.476282492,6.435071563,26.51063079,123.7506161,35.56865109,8
18.66563983,9.969198578,9.734357846,1.92144158,7.429370388,1.541775453,2.894088066,6.4760941,2.527340258,7.516093483,1.980504355,5.450256608,29.9465102,119.3933813,34.52542903,8
18.36609417,11.31381865,8.246724862,1.959749939,7.299674296,1.592327435,2.125469882,6.239408667,2.981086755,7.583995966,1.899205418,5.055178523,31.59006867,117.5940928,34.59669798,8
18.02099681,9.538968679,9.893441803,2.178317849,7.194325734,1.708448625,2.991802548,5.386282833,2.473557173,8.492971517,0.296823708,4.406534894,22.55892178,125.2800861,34.403588,8
18.54197173,9.41443782,9.067640047,1.774552001,6.826919265,2.305816395,2.604788534,6.046746299,3.860698035,9.069317523,1.75384508,4.213729322,24.1828264,126.2381753,32.08124602,8
18.82644138,9.024859897,11.01806921,3.026580144,6.279706211,1.36020194,2.977623922,5.107541868,3.29359434,10.53375364,0.750884491,3.505630504,21.02632669,128.7070364,32.64487988,8
19.39311195,10.66604493,10.73551227,1.554676337,6.456470433,1.717376765,2.696556102,5.189017404,3.746506109,7.941055872,0.529866096,3.396871865,26.46569123,125.2045612,31.4014688,8
18.91898621,10.67319724,10.14109144,0.656144696,6.405583097,1.636134555,3.236111751,5.750619175,3.339717376,7.557774636,1.222245499,3.788200874,26.7222443,123.66752,32.70271808,8
18.1546997,10.70757687,10.8255935,2.387203543,6.766665211,1.361013958,2.350068139,5.341093185,2.251637045,7.787555373,0.156947016,4.930174191,28.31583631,121.2619621,34.53204625,8
18.8406984,11.47181465,8.830294806,2.702907731,7.257647446,1.497609322,3.129347625,5.497147453,2.624127237,8.908756146,0.292758409,4.447811375,31.13388751,118.340371,33.84316767,8
17.96468431,11.70151895,9.884331945,2.121455942,6.577934631,1.321944895,3.307679577,5.057625412,2.366865777,7.919307778,1.41742788,3.546934925,27.94118977,120.2746505,33.09239847,8
21.97262919,5.596965875,14.14672134,16.04242967,4.215542385,8.054471518,7.044152435,1.713319792,5.024542147,15.14056669,0.764688321,2.007319175,25.59480381,5.240109349,3.238301273,9
17.37603243,4.898170063,25.28464886,19.48522001,2.51382122,5.100637397,7.230525446,0.628438607,4.606808732,8.771327995,1.914390751,2.742324972,18.83566453,4.659568344,1.843480757,9
19.25150371,5.262927652,27.81312536,23.53854626,4.609921393,4.89740791,11.39740559,1.841342977,4.771007574,5.391051133,4.369889945,2.334538038,14.20365224,5.789683938,0.18043789,9
17.81510145,3.221489036,26.20919615,22.84377133,3.880825739,4.873770964,10.31321443,2.253847002,4.550094081,5.213453245,4.73191847,2.427810237,13.67691243,4.449888332,0.743712981,9
17.03631736,3.998126946,21.34162757,21.75825006,3.239080273,5.308587189,9.059632158,2.151805548,4.526924274,5.935480607,4.8575847,1.963898591,13.5820904,2.569710871,0.666120266,9
16.97491086,4.704054048,20.55490636,21.87546835,2.521955053,4.390831522,9.196642932,2.102472646,4.584436888,6.38225873,5.826770521,2.305559989,14.75438897,1.58709383,1.234913244,9
16.23922961,5.681621502,19.56016042,20.90476043,2.546262341,3.775126107,8.129014655,2.437744368,4.262846129,6.574057532,6.331092224,2.369685843,15.7744421,1.101698296,2.156853733,9
15.26279961,5.795742512,20.41271892,20.65171907,3.358860117,5.056637341,8.309184572,3.185540573,5.433959577,6.942992834,5.586737963,2.678166901,16.29336237,1.972647358,1.577819301,9
14.46907076,6.5197613,17.94590297,19.8784301,3.655972093,4.504053115,7.705904789,3.05657553,4.652377035,6.766391334,5.146477895,2.063755063,16.47606166,2.691147851,1.309929229,9
13.78484999,5.82950969,21.67846559,20.66784887,3.047855723,4.901557102,8.029452973,2.821146037,4.832243737,8.288107976,5.926070969,3.02642072,18.94980646,2.954757634,1.447320579,9
13.48058848,4.794682611,19.45401776,20.79988707,3.070955286,4.931018749,8.312644728,3.52092586,4.685173779,8.05623417,5.280576038,2.336656596,18.03067816,3.190967645,1.170876492,9
14.69324859,4.480181693,19.04473273,21.98469952,3.848995413,4.969704406,9.211241393,3.646941935,5.452929289,8.088880833,5.000640113,2.879921094,18.19423255,2.643405673,1.828033608,9
13.46336466,5.724963572,16.66198185,22.33987551,2.375047681,4.765295796,9.024214679,3.156046179,4.792219313,7.779421497,5.512668322,2.426763864,17.76278636,2.926211783,1.239697052,9
14.0733382,5.281163135,15.87712786,22.08883058,2.601204,4.906690354,9.372301507,2.997541944,4.605875067,7.868684669,5.441245567,2.478102923,17.74053652,2.433255917,1.345476867,9
12.77449321,4.655462857,16.80337785,20.42308121,2.699838235,5.015836468,7.768986295,2.89321177,4.631215938,7.571022298,6.247595137,2.526647377,17.18066793,2.428914222,1.182411374,9
15.3997403,5.01257046,18.12447025,20.69018722,2.801546701,5.224857975,8.599315083,2.571663666,5.102369186,7.040418537,6.69690674,2.879213048,16.36833251,1.187300256,1.151159688,9
15.46633817,5.210087294,17.76939808,20.69818273,3.16343882,5.490743786,8.235846685,2.65705872,4.339230936,6.54775592,6.553493295,2.387359403,15.72019761,1.767091404,1.339743009,9
16.4191403,5.350825625,17.50399268,20.99781538,3.884829027,5.598833195,8.548758611,2.729713199,4.719864711,5.658720374,5.724884369,2.618417499,15.6878209,2.117708463,1.575572044,9
14.57499147,3.337006633,19.56070869,21.81377349,3.589452699,5.470090446,8.943963774,2.538677593,5.408418572,6.399133697,6.835139857,3.704305628,16.94357077,2.816356727,1.739705322,9
16.8692727,4.723920429,20.34932087,20.88013738,3.14052605,5.499047993,7.562587573,2.698270769,5.337037294,6.072946918,6.358987017,3.033444179,16.28077268,2.904218367,1.219419327,9
16.12631544,4.649811633,17.56818632,21.23092769,3.340576305,5.989665267,8.472097515,2.410672272,5.231203909,6.178097014,6.591617348,3.102817298,16.40428726,3.158838552,1.172508608,9
17.32697226,4.741631249,18.2399153,20.87660296,3.821937276,5.395840438,8.377875016,2.40977388,5.360176143,5.854159813,7.112893655,3.237608578,15.1921637,1.783788836,2.04641217,9
17.15038726,5.81199623,18.56325873,21.75104935,3.447178759,6.579300321,9.207932929,2.632567031,5.300303243,6.109822138,7.7298868,3.038592068,16.06011179,2.205099926,1.777567012,9
16.9103166,4.712391487,17.00070139,21.72355729,3.285293184,6.260624036,8.65069189,2.507636494,4.73082834,6.190864501,7.413951134,2.948963142,15.9124933,1.050714338,2.195299467,9
16.4450089,5.123592467,16.75579787,21.60308466,2.928985538,6.720636419,8.596646254,2.828678166,5.565026286,6.329215969,6.709804112,2.847031412,15.22028395,0.991119839,2.083368205,9
16.49753285,4.738214281,15.99976111,21.266948,3.315215722,6.998718194,8.148735181,3.219857816,6.465163083,6.638585102,6.554594422,3.134342894,16.47862288,1.833630874,2.161390413,9
16.61290203,5.142213228,14.54999229,22.02615762,2.586108648,6.36957942,8.686065685,3.318734913,5.878995116,5.80223831,7.110083894,2.854890387,15.43657167,0.71136314,2.82537109,9
16.67820955,4.770746671,16.2164952,23.30370667,2.28778265,6.780792539,9.105856647,3.835261843,6.035121235,5.400524646,7.016366251,2.496768462,15.4696153,1.090462173,2.698688236,9
16.04981839,4.317717667,15.36523883,22.68108841,2.26369704,6.594470283,9.269273054,2.888961616,5.726284759,5.88089571,7.200501251,2.889291906,14.30549098,0.738853633,1.737908629,9
16.10111964,4.971396611,13.79094777,22.44638837,2.687007445,7.046376925,8.24625098,4.021767896,6.192816244,4.978648488,7.207617843,2.770759838,15.46538393,1.335631549,3.676373345,9
15.98782955,4.099419217,15.38822645,22.75980016,3.028493065,6.883905272,8.808310907,3.598269561,6.481187678,5.323427403,7.054959356,2.927552688,14.32790954,0.615210742,2.284509589,9
16.60778424,4.469328494,14.80770775,22.82543485,2.491713814,6.377646687,8.664222203,2.933811215,5.868011352,5.551115746,7.1126663,2.65377324,14.36561856,1.552578779,2.294238026,9
16.87750212,4.89159835,13.63189319,23.07343381,2.594385058,7.216492922,8.762500254,4.88685725,6.40966225,5.699857669,7.368581571,2.704289924,16.31852687,1.490177925,2.923963881,9
16.59943886,5.301531027,14.3206486,22.85014049,3.009099432,6.705505045,9.735900574,3.499021865,6.014293681,6.062482834,7.793941383,3.004479609,14.90173359,1.099142118,2.341766927,9
15.55093525,4.793769496,15.85331756,21.95402329,2.631650931,6.421927095,8.241405683,3.097714096,5.699069039,5.823160473,7.34689442,2.615202959,15.46453666,0.750999855,2.408127047,9
16.79245113,4.948396144,14.28007352,21.84727164,3.315028102,6.842280669,7.985302724,4.232427162,6.385656008,4.631539693,7.027569647,2.312687519,14.8576008,0.667105439,2.758576463,9
17.28113258,4.994012687,15.7660726,23.09920792,2.771095648,6.838377971,8.98574451,3.990130688,5.758585479,5.243912256,6.769245182,2.545635329,15.0812199,0.752064495,3.328785955,9
