번호,파일명,한국어
1,KETI_SL_0000000001.MOV,0
2,KETI_SL_0000000002.MOV,1
3,KETI_SL_0000000003.MOV,2
4,KETI_SL_0000000004.MOV,3
5,KETI_SL_0000000005.MOV,4
6,KETI_SL_0000000006.MOV,5
7,KETI_SL_0000000007.MOV,6
8,KETI_SL_0000000008.MOV,7
9,KETI_SL_0000000009.MOV,8
10,KETI_SL_0000000010.MOV,9
11,KETI_SL_0000000011.MOV,10
106,KETI_SL_0000000106.MOV,가렵다
120,KETI_SL_0000000120.MOV,개
138,KETI_SL_0000000138.MOV,공원
152,KETI_SL_0000000152.MOV,금요일
167,KETI_SL_0000000167.MOV,내년
168,KETI_SL_0000000168.MOV,내일
169,KETI_SL_0000000169.MOV,냄새나다
173,KETI_SL_0000000173.MOV,누나
190,KETI_SL_0000000190.MOV,동생
209,KETI_SL_0000000209.MOV,목요일
214,KETI_SL_0000000214.MOV,물
216,KETI_SL_0000000216.MOV,아래
217,KETI_SL_0000000217.MOV,바다
227,KETI_SL_0000000227.MOV,배고프다
232,KETI_SL_0000000232.MOV,병원
239,KETI_SL_0000000239.MOV,불
247,KETI_SL_0000000247.MOV,산
250,KETI_SL_0000000250.MOV,삼키다
256,KETI_SL_0000000256.MOV,선생님
269,KETI_SL_0000000269.MOV,수요일
280,KETI_SL_0000000280.MOV,아빠
283,KETI_SL_0000000283.MOV,아파트
287,KETI_SL_0000000287.MOV,앞
293,KETI_SL_0000000293.MOV,어제
294,KETI_SL_0000000294.MOV,어지럽다
295,KETI_SL_0000000295.MOV,언니
297,KETI_SL_0000000297.MOV,엄마
313,KETI_SL_0000000313.MOV,오늘
314,KETI_SL_0000000314.MOV,오른쪽
317,KETI_SL_0000000317.MOV,오빠
319,KETI_SL_0000000319.MOV,올해
320,KETI_SL_0000000320.MOV,왼쪽
327,KETI_SL_0000000327.MOV,월요일
329,KETI_SL_0000000329.MOV,위
337,KETI_SL_0000000337.MOV,음식
346,KETI_SL_0000000346.MOV,일요일
349,KETI_SL_0000000349.MOV,자동차
352,KETI_SL_0000000352.MOV,작년
367,KETI_SL_0000000367.MOV,집
380,KETI_SL_0000000380.MOV,친구
384,KETI_SL_0000000384.MOV,택시
385,KETI_SL_0000000385.MOV,토요일
398,KETI_SL_0000000398.MOV,학교
411,KETI_SL_0000000411.MOV,형
417,KETI_SL_0000000417.MOV,화요일
418,KETI_SL_0000000418.MOV,화장실
420,KETI_SL_0000000420.MTS,0
421,KETI_SL_0000000421.MTS,1
422,KETI_SL_0000000422.MTS,2
423,KETI_SL_0000000423.MTS,3
424,KETI_SL_0000000424.MTS,4
425,KETI_SL_0000000425.MTS,5
426,KETI_SL_0000000426.MTS,6
427,KETI_SL_0000000427.MTS,7
428,KETI_SL_0000000428.MTS,8
429,KETI_SL_0000000429.MTS,9
430,KETI_SL_0000000430.MTS,10
525,KETI_SL_0000000525.MTS,가렵다
539,KETI_SL_0000000539.MTS,개
557,KETI_SL_0000000557.MTS,공원
571,KETI_SL_0000000571.MTS,금요일
586,KETI_SL_0000000586.MTS,내년
587,KETI_SL_0000000587.MTS,내일
588,KETI_SL_0000000588.MTS,냄새나다
592,KETI_SL_0000000592.MTS,누나
609,KETI_SL_0000000609.MTS,동생
628,KETI_SL_0000000628.MTS,목요일
633,KETI_SL_0000000633.MTS,물
635,KETI_SL_0000000635.MTS,아래
636,KETI_SL_0000000636.MTS,바다
646,KETI_SL_0000000646.MTS,배고프다
651,KETI_SL_0000000651.MTS,병원
658,KETI_SL_0000000658.MTS,불
666,KETI_SL_0000000666.MTS,산
669,KETI_SL_0000000669.MTS,삼키다
675,KETI_SL_0000000675.MTS,선생님
688,KETI_SL_0000000688.MTS,수요일
699,KETI_SL_0000000699.MTS,아빠
702,KETI_SL_0000000702.MTS,아파트
706,KETI_SL_0000000706.MTS,앞
712,KETI_SL_0000000712.MTS,어제
713,KETI_SL_0000000713.MTS,어지럽다
714,KETI_SL_0000000714.MTS,언니
716,KETI_SL_0000000716.MTS,엄마
732,KETI_SL_0000000732.MTS,오늘
733,KETI_SL_0000000733.MTS,오른쪽
736,KETI_SL_0000000736.MTS,오빠
738,KETI_SL_0000000738.MTS,올해
739,KETI_SL_0000000739.MTS,왼쪽
746,KETI_SL_0000000746.MTS,월요일
748,KETI_SL_0000000748.MTS,위
756,KETI_SL_0000000756.MTS,음식
765,KETI_SL_0000000765.MTS,일요일
768,KETI_SL_0000000768.MTS,자동차
771,KETI_SL_0000000771.MTS,작년
786,KETI_SL_0000000786.MTS,집
799,KETI_SL_0000000799.MTS,친구
803,KETI_SL_0000000803.MTS,택시
804,KETI_SL_0000000804.MTS,토요일
817,KETI_SL_0000000817.MTS,학교
830,KETI_SL_0000000830.MTS,형
836,KETI_SL_0000000836.MTS,화요일
837,KETI_SL_0000000837.MTS,화장실
839,KETI_SL_0000000839.MTS,0
840,KETI_SL_0000000840.MTS,1
841,KETI_SL_0000000841.MTS,2
842,KETI_SL_0000000842.MTS,3
843,KETI_SL_0000000843.MTS,4
844,KETI_SL_0000000844.MTS,5
845,KETI_SL_0000000845.MTS,6
846,KETI_SL_0000000846.MTS,7
847,KETI_SL_0000000847.MTS,8
848,KETI_SL_0000000848.MTS,9
849,KETI_SL_0000000849.MTS,10
942,KETI_SL_0000000942.MTS,가렵다
956,KETI_SL_0000000956.MTS,개
972,KETI_SL_0000000972.MTS,공원
985,KETI_SL_0000000985.MTS,금요일
1000,KETI_SL_0000001000.MTS,내년
1001,KETI_SL_0000001001.MTS,내일
1002,KETI_SL_0000001002.MTS,냄새나다
1007,KETI_SL_0000001007.MTS,누나
1023,KETI_SL_0000001023.MTS,동생
1041,KETI_SL_0000001041.MTS,목요일
1045,KETI_SL_0000001045.MTS,물
1047,KETI_SL_0000001047.MTS,바다
1056,KETI_SL_0000001056.MTS,배고프다
1061,KETI_SL_0000001061.MTS,병원
1070,KETI_SL_0000001070.MTS,불
1079,KETI_SL_0000001079.MTS,산
1082,KETI_SL_0000001082.MTS,삼키다
1088,KETI_SL_0000001088.MTS,선생님
1101,KETI_SL_0000001101.MTS,수요일
1111,KETI_SL_0000001111.MTS,아래
1112,KETI_SL_0000001112.MTS,아빠
1116,KETI_SL_0000001116.MTS,아파트
1120,KETI_SL_0000001120.MTS,앞
1127,KETI_SL_0000001127.MTS,어제
1128,KETI_SL_0000001128.MTS,어지럽다
1129,KETI_SL_0000001129.MTS,언니
1131,KETI_SL_0000001131.MTS,엄마
1147,KETI_SL_0000001147.MTS,오늘
1148,KETI_SL_0000001148.MTS,오른쪽
1151,KETI_SL_0000001151.MTS,오빠
1153,KETI_SL_0000001153.MTS,올해
1154,KETI_SL_0000001154.MTS,왼쪽
1161,KETI_SL_0000001161.MTS,월요일
1163,KETI_SL_0000001163.MTS,위
1171,KETI_SL_0000001171.MTS,음식
1180,KETI_SL_0000001180.MTS,일요일
1183,KETI_SL_0000001183.MTS,자동차
1186,KETI_SL_0000001186.MTS,작년
1202,KETI_SL_0000001202.MTS,집
1214,KETI_SL_0000001214.MTS,친구
1219,KETI_SL_0000001219.MTS,택시
1220,KETI_SL_0000001220.MTS,토요일
1234,KETI_SL_0000001234.MTS,학교
1247,KETI_SL_0000001247.MTS,형
1253,KETI_SL_0000001253.MTS,화요일
1254,KETI_SL_0000001254.MTS,화장실
1258,KETI_SL_0000001258.MTS,0
1259,KETI_SL_0000001259.MTS,1
1260,KETI_SL_0000001260.MTS,2
1261,KETI_SL_0000001261.MTS,3
1262,KETI_SL_0000001262.MTS,4
1263,KETI_SL_0000001263.MTS,5
1264,KETI_SL_0000001264.MTS,6
1265,KETI_SL_0000001265.MTS,7
1266,KETI_SL_0000001266.MTS,8
1267,KETI_SL_0000001267.MTS,9
1268,KETI_SL_0000001268.MTS,10
1361,KETI_SL_0000001361.MTS,가렵다
1375,KETI_SL_0000001375.MTS,개
1391,KETI_SL_0000001391.MTS,공원
1404,KETI_SL_0000001404.MTS,금요일
1419,KETI_SL_0000001419.MTS,내년
1420,KETI_SL_0000001420.MTS,내일
1421,KETI_SL_0000001421.MTS,냄새나다
1426,KETI_SL_0000001426.MTS,누나
1442,KETI_SL_0000001442.MTS,동생
1460,KETI_SL_0000001460.MTS,목요일
1464,KETI_SL_0000001464.MTS,물
1466,KETI_SL_0000001466.MTS,바다
1475,KETI_SL_0000001475.MTS,배고프다
1480,KETI_SL_0000001480.MTS,병원
1489,KETI_SL_0000001489.MTS,불
1498,KETI_SL_0000001498.MTS,산
1501,KETI_SL_0000001501.MTS,삼키다
1507,KETI_SL_0000001507.MTS,선생님
1520,KETI_SL_0000001520.MTS,수요일
1530,KETI_SL_0000001530.MTS,아래
1531,KETI_SL_0000001531.MTS,아빠
1535,KETI_SL_0000001535.MTS,아파트
1539,KETI_SL_0000001539.MTS,앞
1546,KETI_SL_0000001546.MTS,어제
1547,KETI_SL_0000001547.MTS,어지럽다
1548,KETI_SL_0000001548.MTS,언니
1550,KETI_SL_0000001550.MTS,엄마
1566,KETI_SL_0000001566.MTS,오늘
1567,KETI_SL_0000001567.MTS,오른쪽
1570,KETI_SL_0000001570.MTS,오빠
1572,KETI_SL_0000001572.MTS,올해
1573,KETI_SL_0000001573.MTS,왼쪽
1580,KETI_SL_0000001580.MTS,월요일
1582,KETI_SL_0000001582.MTS,위
1590,KETI_SL_0000001590.MTS,음식
1599,KETI_SL_0000001599.MTS,일요일
1602,KETI_SL_0000001602.MTS,자동차
1605,KETI_SL_0000001605.MTS,작년
1621,KETI_SL_0000001621.MTS,집
1633,KETI_SL_0000001633.MTS,친구
1638,KETI_SL_0000001638.MTS,택시
1639,KETI_SL_0000001639.MTS,토요일
1653,KETI_SL_0000001653.MTS,학교
1666,KETI_SL_0000001666.MTS,형
1672,KETI_SL_0000001672.MTS,화요일
1673,KETI_SL_0000001673.MTS,화장실
1677,KETI_SL_0000001677.MOV,0
1678,KETI_SL_0000001678.MOV,9
1685,KETI_SL_0000001685.MOV,가렵다
1689,KETI_SL_0000001689.MOV,10
1701,KETI_SL_0000001701.MOV,개
1718,KETI_SL_0000001718.MOV,공원
1732,KETI_SL_0000001732.MOV,금요일
1749,KETI_SL_0000001749.MOV,내년
1750,KETI_SL_0000001750.MOV,내일
1751,KETI_SL_0000001751.MOV,냄새나다
1757,KETI_SL_0000001757.MOV,누나
1774,KETI_SL_0000001774.MOV,동생
1788,KETI_SL_0000001788.MOV,1
1795,KETI_SL_0000001795.MOV,목요일
1799,KETI_SL_0000001799.MOV,물
1802,KETI_SL_0000001802.MOV,바다
1812,KETI_SL_0000001812.MOV,배고프다
1817,KETI_SL_0000001817.MOV,병원
1827,KETI_SL_0000001827.MOV,불
1837,KETI_SL_0000001837.MOV,산
1840,KETI_SL_0000001840.MOV,삼키다
1847,KETI_SL_0000001847.MOV,선생님
1861,KETI_SL_0000001861.MOV,수요일
1872,KETI_SL_0000001872.MOV,아래
1873,KETI_SL_0000001873.MOV,아빠
1878,KETI_SL_0000001878.MOV,아파트
1882,KETI_SL_0000001882.MOV,앞
1890,KETI_SL_0000001890.MOV,어제
1891,KETI_SL_0000001891.MOV,어지럽다
1892,KETI_SL_0000001892.MOV,언니
1894,KETI_SL_0000001894.MOV,엄마
1899,KETI_SL_0000001899.MOV,2
1913,KETI_SL_0000001913.MOV,오늘
1914,KETI_SL_0000001914.MOV,오른쪽
1917,KETI_SL_0000001917.MOV,오빠
1919,KETI_SL_0000001919.MOV,올해
1920,KETI_SL_0000001920.MOV,왼쪽
1928,KETI_SL_0000001928.MOV,월요일
1930,KETI_SL_0000001930.MOV,위
1939,KETI_SL_0000001939.MOV,음식
1949,KETI_SL_0000001949.MOV,일요일
1952,KETI_SL_0000001952.MOV,자동차
1956,KETI_SL_0000001956.MOV,작년
1973,KETI_SL_0000001973.MOV,집
1986,KETI_SL_0000001986.MOV,친구
1992,KETI_SL_0000001992.MOV,택시
1993,KETI_SL_0000001993.MOV,토요일
2008,KETI_SL_0000002008.MOV,학교
2010,KETI_SL_0000002010.MOV,3
2024,KETI_SL_0000002024.MOV,형
2030,KETI_SL_0000002030.MOV,화요일
2031,KETI_SL_0000002031.MOV,화장실
2041,KETI_SL_0000002041.MOV,4
2052,KETI_SL_0000002052.MOV,5
2063,KETI_SL_0000002063.MOV,6
2074,KETI_SL_0000002074.MOV,7
2085,KETI_SL_0000002085.MOV,8
2096,KETI_SL_0000002096.MP4,0
2097,KETI_SL_0000002097.MP4,9
2104,KETI_SL_0000002104.MP4,가렵다
2108,KETI_SL_0000002108.MP4,10
2120,KETI_SL_0000002120.MP4,개
2137,KETI_SL_0000002137.MP4,공원
2151,KETI_SL_0000002151.MP4,금요일
2168,KETI_SL_0000002168.MP4,내년
2169,KETI_SL_0000002169.MP4,내일
2170,KETI_SL_0000002170.MP4,냄새나다
2176,KETI_SL_0000002176.MP4,누나
2193,KETI_SL_0000002193.MP4,동생
2207,KETI_SL_0000002207.MP4,1
2214,KETI_SL_0000002214.MP4,목요일
2218,KETI_SL_0000002218.MP4,물
2221,KETI_SL_0000002221.MP4,바다
2231,KETI_SL_0000002231.MP4,배고프다
2236,KETI_SL_0000002236.MP4,병원
2246,KETI_SL_0000002246.MP4,불
2256,KETI_SL_0000002256.MTS,산
2259,KETI_SL_0000002259.MP4,삼키다
2266,KETI_SL_0000002266.MP4,선생님
2280,KETI_SL_0000002280.MP4,수요일
2291,KETI_SL_0000002291.MP4,아래
2292,KETI_SL_0000002292.MP4,아빠
2297,KETI_SL_0000002297.MP4,아파트
2301,KETI_SL_0000002301.MP4,앞
2309,KETI_SL_0000002309.MP4,어제
2310,KETI_SL_0000002310.MP4,어지럽다
2311,KETI_SL_0000002311.MP4,언니
2313,KETI_SL_0000002313.MP4,엄마
2318,KETI_SL_0000002318.MP4,2
2332,KETI_SL_0000002332.MP4,오늘
2333,KETI_SL_0000002333.MP4,오른쪽
2336,KETI_SL_0000002336.MP4,오빠
2338,KETI_SL_0000002338.MP4,올해
2339,KETI_SL_0000002339.MP4,왼쪽
2347,KETI_SL_0000002347.MP4,월요일
2349,KETI_SL_0000002349.MP4,위
2358,KETI_SL_0000002358.MP4,음식
2368,KETI_SL_0000002368.MP4,일요일
2371,KETI_SL_0000002371.MP4,자동차
2375,KETI_SL_0000002375.MP4,작년
2392,KETI_SL_0000002392.MP4,집
2405,KETI_SL_0000002405.MP4,친구
2411,KETI_SL_0000002411.MP4,택시
2412,KETI_SL_0000002412.MP4,토요일
2427,KETI_SL_0000002427.MP4,학교
2429,KETI_SL_0000002429.MP4,3
2443,KETI_SL_0000002443.MP4,형
2449,KETI_SL_0000002449.MP4,화요일
2450,KETI_SL_0000002450.MP4,화장실
2460,KETI_SL_0000002460.MP4,4
2471,KETI_SL_0000002471.MP4,5
2482,KETI_SL_0000002482.MP4,6
2493,KETI_SL_0000002493.MP4,7
2504,KETI_SL_0000002504.MP4,8
2515,KETI_SL_0000002515.MOV,0
2516,KETI_SL_0000002516.MOV,1
2517,KETI_SL_0000002517.MOV,2
2518,KETI_SL_0000002518.MOV,3
2519,KETI_SL_0000002519.MOV,4
2520,KETI_SL_0000002520.MOV,5
2521,KETI_SL_0000002521.MOV,6
2522,KETI_SL_0000002522.MOV,7
2523,KETI_SL_0000002523.MOV,8
2524,KETI_SL_0000002524.MOV,9
2525,KETI_SL_0000002525.MOV,10
2620,KETI_SL_0000002620.MOV,가렵다
2634,KETI_SL_0000002634.MOV,개
2652,KETI_SL_0000002652.MOV,공원
2666,KETI_SL_0000002666.MOV,금요일
2681,KETI_SL_0000002681.MOV,내년
2682,KETI_SL_0000002682.MOV,내일
2683,KETI_SL_0000002683.MOV,냄새나다
2687,KETI_SL_0000002687.MOV,누나
2704,KETI_SL_0000002704.MOV,동생
2723,KETI_SL_0000002723.MOV,목요일
2728,KETI_SL_0000002728.MOV,물
2730,KETI_SL_0000002730.MOV,아래
2731,KETI_SL_0000002731.MOV,바다
2741,KETI_SL_0000002741.MOV,배고프다
2746,KETI_SL_0000002746.MOV,병원
2753,KETI_SL_0000002753.MOV,불
2761,KETI_SL_0000002761.MOV,산
2764,KETI_SL_0000002764.MOV,삼키다
2770,KETI_SL_0000002770.MOV,선생님
2783,KETI_SL_0000002783.MOV,수요일
2794,KETI_SL_0000002794.MOV,아빠
2797,KETI_SL_0000002797.MOV,아파트
2801,KETI_SL_0000002801.MOV,앞
2807,KETI_SL_0000002807.MOV,어제
2808,KETI_SL_0000002808.MOV,어지럽다
2809,KETI_SL_0000002809.MOV,언니
2811,KETI_SL_0000002811.MOV,엄마
2827,KETI_SL_0000002827.MOV,오늘
2828,KETI_SL_0000002828.MOV,오른쪽
2831,KETI_SL_0000002831.MOV,오빠
2833,KETI_SL_0000002833.MOV,올해
2834,KETI_SL_0000002834.MOV,왼쪽
2841,KETI_SL_0000002841.MOV,월요일
2843,KETI_SL_0000002843.MOV,위
2851,KETI_SL_0000002851.MOV,음식
2860,KETI_SL_0000002860.MOV,일요일
2863,KETI_SL_0000002863.MOV,자동차
2866,KETI_SL_0000002866.MOV,작년
2880,KETI_SL_0000002880.MOV,집
2893,KETI_SL_0000002893.MOV,친구
2897,KETI_SL_0000002897.MOV,택시
2898,KETI_SL_0000002898.MOV,토요일
2911,KETI_SL_0000002911.MOV,학교
2924,KETI_SL_0000002924.MOV,형
2930,KETI_SL_0000002930.MOV,화요일
2931,KETI_SL_0000002931.MOV,화장실
2934,KETI_SL_0000002934.MTS,0
2935,KETI_SL_0000002935.MTS,1
2936,KETI_SL_0000002936.MTS,2
2937,KETI_SL_0000002937.MTS,3
2938,KETI_SL_0000002938.MTS,4
2939,KETI_SL_0000002939.MTS,5
2940,KETI_SL_0000002940.MTS,6
2941,KETI_SL_0000002941.MTS,7
2942,KETI_SL_0000002942.MTS,8
2943,KETI_SL_0000002943.MTS,9
2944,KETI_SL_0000002944.MTS,10
3039,KETI_SL_0000003039.MTS,가렵다
3053,KETI_SL_0000003053.MTS,개
3071,KETI_SL_0000003071.MTS,공원
3085,KETI_SL_0000003085.MTS,금요일
3100,KETI_SL_0000003100.MTS,내년
3101,KETI_SL_0000003101.MTS,내일
3102,KETI_SL_0000003102.MTS,냄새나다
3106,KETI_SL_0000003106.MTS,누나
3123,KETI_SL_0000003123.MTS,동생
3142,KETI_SL_0000003142.MTS,목요일
3147,KETI_SL_0000003147.MTS,물
3149,KETI_SL_0000003149.MTS,아래
3150,KETI_SL_0000003150.MTS,바다
3160,KETI_SL_0000003160.MTS,배고프다
3165,KETI_SL_0000003165.MTS,병원
3172,KETI_SL_0000003172.MTS,불
3180,KETI_SL_0000003180.MTS,산
3183,KETI_SL_0000003183.MTS,삼키다
3189,KETI_SL_0000003189.MTS,선생님
3202,KETI_SL_0000003202.MTS,수요일
3213,KETI_SL_0000003213.MTS,아빠
3216,KETI_SL_0000003216.MTS,아파트
3220,KETI_SL_0000003220.MTS,앞
3226,KETI_SL_0000003226.MTS,어제
3227,KETI_SL_0000003227.MTS,어지럽다
3228,KETI_SL_0000003228.MTS,언니
3230,KETI_SL_0000003230.MTS,엄마
3246,KETI_SL_0000003246.MTS,오늘
3247,KETI_SL_0000003247.MTS,오른쪽
3250,KETI_SL_0000003250.MTS,오빠
3252,KETI_SL_0000003252.MTS,올해
3253,KETI_SL_0000003253.MTS,왼쪽
3260,KETI_SL_0000003260.MTS,월요일
3262,KETI_SL_0000003262.MTS,위
3270,KETI_SL_0000003270.MTS,음식
3279,KETI_SL_0000003279.MTS,일요일
3282,KETI_SL_0000003282.MTS,자동차
3285,KETI_SL_0000003285.MTS,작년
3299,KETI_SL_0000003299.MTS,집
3312,KETI_SL_0000003312.MTS,친구
3316,KETI_SL_0000003316.MTS,택시
3317,KETI_SL_0000003317.MTS,토요일
3330,KETI_SL_0000003330.MTS,학교
3343,KETI_SL_0000003343.MTS,형
3349,KETI_SL_0000003349.MTS,화요일
3350,KETI_SL_0000003350.MTS,화장실
3353,KETI_SL_0000003353.MOV,0
3354,KETI_SL_0000003354.MOV,1
3355,KETI_SL_0000003355.MOV,2
3356,KETI_SL_0000003356.MOV,3
3357,KETI_SL_0000003357.MOV,4
3358,KETI_SL_0000003358.MOV,5
3359,KETI_SL_0000003359.MOV,6
3360,KETI_SL_0000003360.MOV,7
3361,KETI_SL_0000003361.MOV,8
3362,KETI_SL_0000003362.MOV,9
3363,KETI_SL_0000003363.MOV,10
3458,KETI_SL_0000003458.MOV,가렵다
3472,KETI_SL_0000003472.MOV,개
3487,KETI_SL_0000003487.MOV,공원
3499,KETI_SL_0000003499.MOV,금요일
3514,KETI_SL_0000003514.MOV,내년
3515,KETI_SL_0000003515.MOV,내일
3516,KETI_SL_0000003516.MOV,냄새나다
3536,KETI_SL_0000003536.MOV,동생
3554,KETI_SL_0000003554.MOV,목요일
3558,KETI_SL_0000003558.MOV,물
3560,KETI_SL_0000003560.MOV,바다
3569,KETI_SL_0000003569.MOV,배고프다
3574,KETI_SL_0000003574.MOV,병원
3581,KETI_SL_0000003581.MOV,불
3592,KETI_SL_0000003592.MOV,삼키다
3598,KETI_SL_0000003598.MOV,선생님
3610,KETI_SL_0000003610.MOV,수요일
3621,KETI_SL_0000003621.MOV,아빠
3624,KETI_SL_0000003624.MOV,아파트
3628,KETI_SL_0000003628.MOV,앞
3634,KETI_SL_0000003634.MOV,어제
3635,KETI_SL_0000003635.MOV,어지럽다
3636,KETI_SL_0000003636.MOV,누나
3637,KETI_SL_0000003637.MOV,언니
3639,KETI_SL_0000003639.MOV,엄마
3655,KETI_SL_0000003655.MOV,오늘
3656,KETI_SL_0000003656.MOV,오른쪽
3659,KETI_SL_0000003659.MOV,오빠
3661,KETI_SL_0000003661.MOV,올해
3662,KETI_SL_0000003662.MOV,왼쪽
3669,KETI_SL_0000003669.MOV,월요일
3671,KETI_SL_0000003671.MOV,위
3679,KETI_SL_0000003679.MOV,음식
3688,KETI_SL_0000003688.MOV,일요일
3691,KETI_SL_0000003691.MOV,자동차
3694,KETI_SL_0000003694.MOV,작년
3709,KETI_SL_0000003709.MOV,집
3721,KETI_SL_0000003721.MOV,친구
3725,KETI_SL_0000003725.MOV,택시
3726,KETI_SL_0000003726.MOV,토요일
3739,KETI_SL_0000003739.MOV,학교
3752,KETI_SL_0000003752.MOV,형
3758,KETI_SL_0000003758.MOV,화요일
3759,KETI_SL_0000003759.MOV,화장실
3766,KETI_SL_0000003766.MTS,산
3769,KETI_SL_0000003769.MTS,아래
3772,KETI_SL_0000003772.MTS,0
3773,KETI_SL_0000003773.MTS,1
3774,KETI_SL_0000003774.MTS,2
3775,KETI_SL_0000003775.MTS,3
3776,KETI_SL_0000003776.MTS,4
3777,KETI_SL_0000003777.MTS,5
3778,KETI_SL_0000003778.MTS,6
3779,KETI_SL_0000003779.MTS,7
3780,KETI_SL_0000003780.MTS,8
3781,KETI_SL_0000003781.MTS,9
3782,KETI_SL_0000003782.MTS,10
3877,KETI_SL_0000003877.MTS,가렵다
3891,KETI_SL_0000003891.MTS,개
3907,KETI_SL_0000003907.MTS,공원
3920,KETI_SL_0000003920.MTS,금요일
3935,KETI_SL_0000003935.MTS,내년
3936,KETI_SL_0000003936.MTS,내일
3937,KETI_SL_0000003937.MTS,냄새나다
3941,KETI_SL_0000003941.MTS,누나
3957,KETI_SL_0000003957.MTS,동생
3975,KETI_SL_0000003975.MTS,목요일
3979,KETI_SL_0000003979.MTS,물
3981,KETI_SL_0000003981.MTS,바다
3990,KETI_SL_0000003990.MTS,배고프다
3995,KETI_SL_0000003995.MTS,병원
4002,KETI_SL_0000004002.MTS,불
4012,KETI_SL_0000004012.MTS,삼키다
4018,KETI_SL_0000004018.MTS,선생님
4030,KETI_SL_0000004030.MTS,수요일
4041,KETI_SL_0000004041.MTS,아빠
4044,KETI_SL_0000004044.MTS,아파트
4048,KETI_SL_0000004048.MTS,앞
4054,KETI_SL_0000004054.MTS,어제
4055,KETI_SL_0000004055.MTS,어지럽다
4056,KETI_SL_0000004056.MTS,언니
4058,KETI_SL_0000004058.MTS,엄마
4074,KETI_SL_0000004074.MTS,오늘
4075,KETI_SL_0000004075.MTS,오른쪽
4078,KETI_SL_0000004078.MTS,오빠
4080,KETI_SL_0000004080.MTS,올해
4081,KETI_SL_0000004081.MTS,왼쪽
4088,KETI_SL_0000004088.MTS,월요일
4090,KETI_SL_0000004090.MTS,위
4098,KETI_SL_0000004098.MTS,음식
4107,KETI_SL_0000004107.MTS,일요일
4110,KETI_SL_0000004110.MTS,자동차
4113,KETI_SL_0000004113.MTS,작년
4127,KETI_SL_0000004127.MTS,집
4139,KETI_SL_0000004139.MTS,친구
4143,KETI_SL_0000004143.MTS,택시
4144,KETI_SL_0000004144.MTS,토요일
4157,KETI_SL_0000004157.MTS,학교
4170,KETI_SL_0000004170.MTS,형
4176,KETI_SL_0000004176.MTS,화요일
4177,KETI_SL_0000004177.MTS,화장실
4185,KETI_SL_0000004185.MTS,산
4188,KETI_SL_0000004188.MTS,아래
4191,KETI_SL_0000004191.MOV,0
4192,KETI_SL_0000004192.MOV,1
4193,KETI_SL_0000004193.MOV,2
4194,KETI_SL_0000004194.MOV,3
4195,KETI_SL_0000004195.MOV,4
4196,KETI_SL_0000004196.MOV,5
4197,KETI_SL_0000004197.MOV,6
4198,KETI_SL_0000004198.MOV,7
4199,KETI_SL_0000004199.MOV,8
4200,KETI_SL_0000004200.MOV,9
4201,KETI_SL_0000004201.MOV,10
4296,KETI_SL_0000004296.MOV,가렵다
4310,KETI_SL_0000004310.MOV,개
4327,KETI_SL_0000004327.MOV,공원
4340,KETI_SL_0000004340.MOV,금요일
4355,KETI_SL_0000004355.MOV,내년
4356,KETI_SL_0000004356.MOV,내일
4357,KETI_SL_0000004357.MOV,냄새나다
4361,KETI_SL_0000004361.MOV,누나
4378,KETI_SL_0000004378.MOV,동생
4397,KETI_SL_0000004397.MOV,목요일
4402,KETI_SL_0000004402.MOV,물
4404,KETI_SL_0000004404.MOV,아래
4405,KETI_SL_0000004405.MOV,바다
4415,KETI_SL_0000004415.MOV,배고프다
4420,KETI_SL_0000004420.MOV,병원
4427,KETI_SL_0000004427.MOV,불
4435,KETI_SL_0000004435.MOV,산
4438,KETI_SL_0000004438.MOV,삼키다
4444,KETI_SL_0000004444.MOV,선생님
4457,KETI_SL_0000004457.MOV,수요일
4468,KETI_SL_0000004468.MOV,아빠
4471,KETI_SL_0000004471.MOV,아파트
4475,KETI_SL_0000004475.MOV,앞
4481,KETI_SL_0000004481.MOV,어제
4482,KETI_SL_0000004482.MOV,어지럽다
4483,KETI_SL_0000004483.MOV,언니
4485,KETI_SL_0000004485.MOV,엄마
4501,KETI_SL_0000004501.MOV,오늘
4502,KETI_SL_0000004502.MOV,오른쪽
4505,KETI_SL_0000004505.MOV,오빠
4507,KETI_SL_0000004507.MOV,올해
4508,KETI_SL_0000004508.MOV,왼쪽
4515,KETI_SL_0000004515.MOV,월요일
4517,KETI_SL_0000004517.MOV,위
4525,KETI_SL_0000004525.MOV,음식
4534,KETI_SL_0000004534.MOV,일요일
4537,KETI_SL_0000004537.MOV,자동차
4540,KETI_SL_0000004540.MOV,작년
4555,KETI_SL_0000004555.MOV,집
4568,KETI_SL_0000004568.MOV,친구
4572,KETI_SL_0000004572.MOV,택시
4573,KETI_SL_0000004573.MOV,토요일
4586,KETI_SL_0000004586.MOV,학교
4599,KETI_SL_0000004599.MOV,형
4605,KETI_SL_0000004605.MOV,화요일
4606,KETI_SL_0000004606.MOV,화장실
4610,KETI_SL_0000004610.MTS,0
4611,KETI_SL_0000004611.MTS,1
4612,KETI_SL_0000004612.MTS,2
4613,KETI_SL_0000004613.MTS,3
4614,KETI_SL_0000004614.MTS,4
4615,KETI_SL_0000004615.MTS,5
4616,KETI_SL_0000004616.MTS,6
4617,KETI_SL_0000004617.MTS,7
4618,KETI_SL_0000004618.MTS,8
4619,KETI_SL_0000004619.MTS,9
4620,KETI_SL_0000004620.MTS,10
4715,KETI_SL_0000004715.MTS,가렵다
4729,KETI_SL_0000004729.MTS,개
4746,KETI_SL_0000004746.MTS,공원
4747,KETI_SL_0000004747.MTS,냄새나다
4756,KETI_SL_0000004756.MTS,금요일
4770,KETI_SL_0000004770.MTS,내년
4777,KETI_SL_0000004777.MTS,누나
4778,KETI_SL_0000004778.MTS,내일
4794,KETI_SL_0000004794.MTS,동생
4815,KETI_SL_0000004815.MTS,물
4817,KETI_SL_0000004817.MTS,바다
4820,KETI_SL_0000004820.MTS,목요일
4823,KETI_SL_0000004823.MTS,아래
4827,KETI_SL_0000004827.MTS,배고프다
4842,KETI_SL_0000004842.MTS,병원
4846,KETI_SL_0000004846.MTS,불
4854,KETI_SL_0000004854.MTS,산
4857,KETI_SL_0000004857.MTS,삼키다
4863,KETI_SL_0000004863.MTS,선생님
4876,KETI_SL_0000004876.MTS,수요일
4887,KETI_SL_0000004887.MTS,아빠
4890,KETI_SL_0000004890.MTS,아파트
4894,KETI_SL_0000004894.MTS,앞
4900,KETI_SL_0000004900.MTS,어제
4901,KETI_SL_0000004901.MTS,어지럽다
4902,KETI_SL_0000004902.MTS,언니
4904,KETI_SL_0000004904.MTS,엄마
4920,KETI_SL_0000004920.MTS,오늘
4921,KETI_SL_0000004921.MTS,오른쪽
4924,KETI_SL_0000004924.MTS,오빠
4926,KETI_SL_0000004926.MTS,올해
4927,KETI_SL_0000004927.MTS,왼쪽
4934,KETI_SL_0000004934.MTS,월요일
4936,KETI_SL_0000004936.MTS,위
4944,KETI_SL_0000004944.MTS,음식
4953,KETI_SL_0000004953.MTS,일요일
4956,KETI_SL_0000004956.MTS,자동차
4959,KETI_SL_0000004959.MTS,작년
4974,KETI_SL_0000004974.MTS,집
4987,KETI_SL_0000004987.MTS,친구
4991,KETI_SL_0000004991.MTS,택시
4992,KETI_SL_0000004992.MTS,토요일
5005,KETI_SL_0000005005.MTS,학교
5018,KETI_SL_0000005018.MTS,형
5024,KETI_SL_0000005024.MTS,화요일
5025,KETI_SL_0000005025.MTS,화장실
5029,KETI_SL_0000005029.MOV,0
5030,KETI_SL_0000005030.MOV,1
5031,KETI_SL_0000005031.MOV,2
5032,KETI_SL_0000005032.MOV,3
5033,KETI_SL_0000005033.MOV,4
5034,KETI_SL_0000005034.MOV,5
5035,KETI_SL_0000005035.MOV,6
5036,KETI_SL_0000005036.MOV,7
5037,KETI_SL_0000005037.MOV,8
5038,KETI_SL_0000005038.MOV,9
5039,KETI_SL_0000005039.MOV,10
5133,KETI_SL_0000005133.MOV,가렵다
5147,KETI_SL_0000005147.MOV,개
5164,KETI_SL_0000005164.MOV,공원
5178,KETI_SL_0000005178.MOV,금요일
5194,KETI_SL_0000005194.MOV,내년
5195,KETI_SL_0000005195.MOV,내일
5196,KETI_SL_0000005196.MOV,냄새나다
5200,KETI_SL_0000005200.MOV,누나
5217,KETI_SL_0000005217.MOV,동생
5235,KETI_SL_0000005235.MOV,목요일
5240,KETI_SL_0000005240.MOV,물
5242,KETI_SL_0000005242.MOV,아래
5243,KETI_SL_0000005243.MOV,바다
5253,KETI_SL_0000005253.MOV,배고프다
5259,KETI_SL_0000005259.MOV,병원
5265,KETI_SL_0000005265.MOV,불
5275,KETI_SL_0000005275.MOV,산
5277,KETI_SL_0000005277.MOV,삼키다
5283,KETI_SL_0000005283.MOV,선생님
5296,KETI_SL_0000005296.MOV,수요일
5307,KETI_SL_0000005307.MOV,아빠
5310,KETI_SL_0000005310.MOV,아파트
5314,KETI_SL_0000005314.MOV,앞
5320,KETI_SL_0000005320.MOV,어제
5321,KETI_SL_0000005321.MOV,어지럽다
5322,KETI_SL_0000005322.MOV,언니
5324,KETI_SL_0000005324.MOV,엄마
5340,KETI_SL_0000005340.MOV,오늘
5341,KETI_SL_0000005341.MOV,오른쪽
5344,KETI_SL_0000005344.MOV,오빠
5346,KETI_SL_0000005346.MOV,올해
5347,KETI_SL_0000005347.MOV,왼쪽
5354,KETI_SL_0000005354.MOV,월요일
5356,KETI_SL_0000005356.MOV,위
5364,KETI_SL_0000005364.MOV,음식
5373,KETI_SL_0000005373.MOV,일요일
5376,KETI_SL_0000005376.MOV,자동차
5379,KETI_SL_0000005379.MOV,작년
5393,KETI_SL_0000005393.MOV,집
5406,KETI_SL_0000005406.MOV,친구
5410,KETI_SL_0000005410.MOV,택시
5411,KETI_SL_0000005411.MOV,토요일
5424,KETI_SL_0000005424.MOV,학교
5437,KETI_SL_0000005437.MOV,형
5443,KETI_SL_0000005443.MOV,화요일
5444,KETI_SL_0000005444.MOV,화장실
5448,KETI_SL_0000005448.MTS,0
5449,KETI_SL_0000005449.MTS,1
5450,KETI_SL_0000005450.MTS,2
5451,KETI_SL_0000005451.MTS,3
5452,KETI_SL_0000005452.MTS,4
5453,KETI_SL_0000005453.MTS,5
5454,KETI_SL_0000005454.MTS,8
5455,KETI_SL_0000005455.MTS,9
5456,KETI_SL_0000005456.MTS,10
5550,KETI_SL_0000005550.MTS,가렵다
5564,KETI_SL_0000005564.MTS,개
5580,KETI_SL_0000005580.MTS,공원
5594,KETI_SL_0000005594.MTS,금요일
5610,KETI_SL_0000005610.MTS,내년
5611,KETI_SL_0000005611.MTS,내일
5612,KETI_SL_0000005612.MTS,냄새나다
5616,KETI_SL_0000005616.MTS,누나
5633,KETI_SL_0000005633.MTS,동생
5651,KETI_SL_0000005651.MTS,목요일
5656,KETI_SL_0000005656.MTS,물
5658,KETI_SL_0000005658.MTS,아래
5659,KETI_SL_0000005659.MTS,바다
5669,KETI_SL_0000005669.MTS,배고프다
5674,KETI_SL_0000005674.MTS,병원
5682,KETI_SL_0000005682.MTS,불
5692,KETI_SL_0000005692.MTS,산
5694,KETI_SL_0000005694.MTS,삼키다
5700,KETI_SL_0000005700.MTS,선생님
5713,KETI_SL_0000005713.MTS,수요일
5724,KETI_SL_0000005724.MTS,아빠
5727,KETI_SL_0000005727.MTS,아파트
5731,KETI_SL_0000005731.MTS,앞
5737,KETI_SL_0000005737.MTS,어제
5738,KETI_SL_0000005738.MTS,어지럽다
5739,KETI_SL_0000005739.MTS,언니
5741,KETI_SL_0000005741.MTS,엄마
5757,KETI_SL_0000005757.MTS,오늘
5758,KETI_SL_0000005758.MTS,오른쪽
5761,KETI_SL_0000005761.MTS,오빠
5763,KETI_SL_0000005763.MTS,올해
5764,KETI_SL_0000005764.MTS,왼쪽
5771,KETI_SL_0000005771.MTS,월요일
5773,KETI_SL_0000005773.MTS,위
5781,KETI_SL_0000005781.MTS,음식
5790,KETI_SL_0000005790.MTS,일요일
5793,KETI_SL_0000005793.MTS,자동차
5796,KETI_SL_0000005796.MTS,작년
5810,KETI_SL_0000005810.MTS,집
5823,KETI_SL_0000005823.MTS,친구
5827,KETI_SL_0000005827.MTS,택시
5828,KETI_SL_0000005828.MTS,토요일
5841,KETI_SL_0000005841.MTS,학교
5854,KETI_SL_0000005854.MTS,형
5860,KETI_SL_0000005860.MTS,화요일
5861,KETI_SL_0000005861.MTS,화장실
5864,KETI_SL_0000005864.MTS,6
5865,KETI_SL_0000005865.MTS,7
5867,KETI_SL_0000005867.MOV,0
5868,KETI_SL_0000005868.MOV,1
5869,KETI_SL_0000005869.MOV,2
5870,KETI_SL_0000005870.MOV,3
5871,KETI_SL_0000005871.MOV,4
5872,KETI_SL_0000005872.MOV,5
5873,KETI_SL_0000005873.MOV,6
5874,KETI_SL_0000005874.MOV,7
5875,KETI_SL_0000005875.MOV,8
5876,KETI_SL_0000005876.MOV,9
5877,KETI_SL_0000005877.MOV,10
5972,KETI_SL_0000005972.MOV,가렵다
5986,KETI_SL_0000005986.MOV,개
6004,KETI_SL_0000006004.MOV,공원
6018,KETI_SL_0000006018.MOV,금요일
6033,KETI_SL_0000006033.MOV,내년
6034,KETI_SL_0000006034.MOV,내일
6035,KETI_SL_0000006035.MOV,냄새나다
6039,KETI_SL_0000006039.MOV,누나
6056,KETI_SL_0000006056.MOV,동생
6075,KETI_SL_0000006075.MOV,목요일
6080,KETI_SL_0000006080.MOV,물
6082,KETI_SL_0000006082.MOV,아래
6083,KETI_SL_0000006083.MOV,바다
6093,KETI_SL_0000006093.MOV,배고프다
6098,KETI_SL_0000006098.MOV,병원
6105,KETI_SL_0000006105.MOV,불
6113,KETI_SL_0000006113.MOV,산
6116,KETI_SL_0000006116.MOV,삼키다
6122,KETI_SL_0000006122.MOV,선생님
6135,KETI_SL_0000006135.MOV,수요일
6146,KETI_SL_0000006146.MOV,아빠
6149,KETI_SL_0000006149.MOV,아파트
6153,KETI_SL_0000006153.MOV,앞
6159,KETI_SL_0000006159.MOV,어제
6160,KETI_SL_0000006160.MOV,어지럽다
6161,KETI_SL_0000006161.MOV,언니
6163,KETI_SL_0000006163.MOV,엄마
6179,KETI_SL_0000006179.MOV,오늘
6180,KETI_SL_0000006180.MOV,오른쪽
6183,KETI_SL_0000006183.MOV,오빠
6185,KETI_SL_0000006185.MOV,올해
6186,KETI_SL_0000006186.MOV,왼쪽
6193,KETI_SL_0000006193.MOV,월요일
6195,KETI_SL_0000006195.MOV,위
6203,KETI_SL_0000006203.MOV,음식
6212,KETI_SL_0000006212.MOV,일요일
6215,KETI_SL_0000006215.MOV,자동차
6218,KETI_SL_0000006218.MOV,작년
6232,KETI_SL_0000006232.MOV,집
6245,KETI_SL_0000006245.MOV,친구
6249,KETI_SL_0000006249.MOV,택시
6250,KETI_SL_0000006250.MOV,토요일
6263,KETI_SL_0000006263.MOV,학교
6276,KETI_SL_0000006276.MOV,형
6282,KETI_SL_0000006282.MOV,화요일
6283,KETI_SL_0000006283.MOV,화장실
6286,KETI_SL_0000006286.MTS,0
6287,KETI_SL_0000006287.MTS,1
6288,KETI_SL_0000006288.MTS,2
6289,KETI_SL_0000006289.MTS,3
6290,KETI_SL_0000006290.MTS,4
6291,KETI_SL_0000006291.MTS,5
6292,KETI_SL_0000006292.MTS,6
6293,KETI_SL_0000006293.MTS,7
6294,KETI_SL_0000006294.MTS,8
6295,KETI_SL_0000006295.MTS,9
6296,KETI_SL_0000006296.MTS,10
6391,KETI_SL_0000006391.MTS,가렵다
6405,KETI_SL_0000006405.MTS,개
6423,KETI_SL_0000006423.MTS,공원
6437,KETI_SL_0000006437.MTS,금요일
6452,KETI_SL_0000006452.MTS,내년
6453,KETI_SL_0000006453.MTS,내일
6454,KETI_SL_0000006454.MTS,냄새나다
6458,KETI_SL_0000006458.MTS,누나
6475,KETI_SL_0000006475.MTS,동생
6494,KETI_SL_0000006494.MTS,목요일
6499,KETI_SL_0000006499.MTS,물
6501,KETI_SL_0000006501.MTS,아래
6502,KETI_SL_0000006502.MTS,바다
6512,KETI_SL_0000006512.MTS,배고프다
6517,KETI_SL_0000006517.MTS,병원
6524,KETI_SL_0000006524.MTS,불
6532,KETI_SL_0000006532.MTS,산
6535,KETI_SL_0000006535.MTS,삼키다
6541,KETI_SL_0000006541.MTS,선생님
6554,KETI_SL_0000006554.MTS,수요일
6565,KETI_SL_0000006565.MTS,아빠
6568,KETI_SL_0000006568.MTS,아파트
6572,KETI_SL_0000006572.MTS,앞
6578,KETI_SL_0000006578.MTS,어제
6579,KETI_SL_0000006579.MTS,어지럽다
6580,KETI_SL_0000006580.MTS,언니
6582,KETI_SL_0000006582.MTS,엄마
6598,KETI_SL_0000006598.MTS,오늘
6599,KETI_SL_0000006599.MTS,오른쪽
6602,KETI_SL_0000006602.MTS,오빠
6604,KETI_SL_0000006604.MTS,올해
6605,KETI_SL_0000006605.MTS,왼쪽
6612,KETI_SL_0000006612.MTS,월요일
6614,KETI_SL_0000006614.MTS,위
6622,KETI_SL_0000006622.MTS,음식
6631,KETI_SL_0000006631.MTS,일요일
6634,KETI_SL_0000006634.MTS,자동차
6637,KETI_SL_0000006637.MTS,작년
6651,KETI_SL_0000006651.MTS,집
6664,KETI_SL_0000006664.MTS,친구
6668,KETI_SL_0000006668.MTS,택시
6669,KETI_SL_0000006669.MTS,토요일
6682,KETI_SL_0000006682.MTS,학교
6695,KETI_SL_0000006695.MTS,형
6701,KETI_SL_0000006701.MTS,화요일
6702,KETI_SL_0000006702.MTS,화장실
6705,KETI_SL_0000006705.MOV,0
6706,KETI_SL_0000006706.MOV,1
6707,KETI_SL_0000006707.MOV,2
6708,KETI_SL_0000006708.MOV,3
6709,KETI_SL_0000006709.MOV,4
6710,KETI_SL_0000006710.MOV,5
6711,KETI_SL_0000006711.MOV,6
6712,KETI_SL_0000006712.MOV,7
6713,KETI_SL_0000006713.MOV,8
6714,KETI_SL_0000006714.MOV,9
6715,KETI_SL_0000006715.MOV,10
6810,KETI_SL_0000006810.MOV,가렵다
6824,KETI_SL_0000006824.MOV,개
6841,KETI_SL_0000006841.MOV,공원
6855,KETI_SL_0000006855.MOV,금요일
6870,KETI_SL_0000006870.MOV,내년
6871,KETI_SL_0000006871.MOV,내일
6872,KETI_SL_0000006872.MOV,냄새나다
6876,KETI_SL_0000006876.MOV,누나
6892,KETI_SL_0000006892.MOV,동생
6911,KETI_SL_0000006911.MOV,목요일
6916,KETI_SL_0000006916.MOV,물
6918,KETI_SL_0000006918.MOV,아래
6919,KETI_SL_0000006919.MOV,바다
6929,KETI_SL_0000006929.MOV,배고프다
6934,KETI_SL_0000006934.MOV,병원
6941,KETI_SL_0000006941.MOV,불
6949,KETI_SL_0000006949.MOV,산
6952,KETI_SL_0000006952.MOV,삼키다
6958,KETI_SL_0000006958.MOV,선생님
6971,KETI_SL_0000006971.MOV,수요일
6982,KETI_SL_0000006982.MOV,아빠
6985,KETI_SL_0000006985.MOV,아파트
6989,KETI_SL_0000006989.MOV,앞
6995,KETI_SL_0000006995.MOV,어제
6996,KETI_SL_0000006996.MOV,어지럽다
6997,KETI_SL_0000006997.MOV,언니
6999,KETI_SL_0000006999.MOV,엄마
7015,KETI_SL_0000007015.MOV,오늘
7016,KETI_SL_0000007016.MOV,오른쪽
7019,KETI_SL_0000007019.MOV,오빠
7021,KETI_SL_0000007021.MOV,올해
7022,KETI_SL_0000007022.MOV,왼쪽
7029,KETI_SL_0000007029.MOV,월요일
7031,KETI_SL_0000007031.MOV,위
7039,KETI_SL_0000007039.MOV,음식
7048,KETI_SL_0000007048.MOV,일요일
7051,KETI_SL_0000007051.MOV,자동차
7054,KETI_SL_0000007054.MOV,작년
7070,KETI_SL_0000007070.MOV,집
7083,KETI_SL_0000007083.MOV,친구
7088,KETI_SL_0000007088.MOV,택시
7089,KETI_SL_0000007089.MOV,토요일
7102,KETI_SL_0000007102.MOV,학교
7115,KETI_SL_0000007115.MOV,형
7121,KETI_SL_0000007121.MOV,화요일
7122,KETI_SL_0000007122.MOV,화장실
7124,KETI_SL_0000007124.MTS,0
7125,KETI_SL_0000007125.MTS,1
7126,KETI_SL_0000007126.MTS,2
7127,KETI_SL_0000007127.MTS,3
7128,KETI_SL_0000007128.MTS,4
7129,KETI_SL_0000007129.MTS,5
7130,KETI_SL_0000007130.MTS,6
7131,KETI_SL_0000007131.MTS,7
7132,KETI_SL_0000007132.MTS,8
7133,KETI_SL_0000007133.MTS,9
7134,KETI_SL_0000007134.MTS,10
7229,KETI_SL_0000007229.MTS,가렵다
7243,KETI_SL_0000007243.MTS,개
7260,KETI_SL_0000007260.MTS,공원
7274,KETI_SL_0000007274.MTS,금요일
7289,KETI_SL_0000007289.MTS,내년
7290,KETI_SL_0000007290.MTS,내일
7291,KETI_SL_0000007291.MTS,냄새나다
7295,KETI_SL_0000007295.MTS,누나
7311,KETI_SL_0000007311.MTS,동생
7330,KETI_SL_0000007330.MTS,목요일
7335,KETI_SL_0000007335.MTS,물
7337,KETI_SL_0000007337.MTS,아래
7338,KETI_SL_0000007338.MTS,바다
7348,KETI_SL_0000007348.MTS,배고프다
7353,KETI_SL_0000007353.MTS,병원
7360,KETI_SL_0000007360.MTS,불
7368,KETI_SL_0000007368.MTS,산
7371,KETI_SL_0000007371.MTS,삼키다
7377,KETI_SL_0000007377.MTS,선생님
7390,KETI_SL_0000007390.MTS,수요일
7401,KETI_SL_0000007401.MTS,아빠
7404,KETI_SL_0000007404.MTS,아파트
7408,KETI_SL_0000007408.MTS,앞
7414,KETI_SL_0000007414.MTS,어제
7415,KETI_SL_0000007415.MTS,어지럽다
7416,KETI_SL_0000007416.MTS,언니
7418,KETI_SL_0000007418.MTS,엄마
7434,KETI_SL_0000007434.MTS,오늘
7435,KETI_SL_0000007435.MTS,오른쪽
7438,KETI_SL_0000007438.MTS,오빠
7440,KETI_SL_0000007440.MTS,올해
7441,KETI_SL_0000007441.MTS,왼쪽
7448,KETI_SL_0000007448.MTS,월요일
7450,KETI_SL_0000007450.MTS,위
7458,KETI_SL_0000007458.MTS,음식
7467,KETI_SL_0000007467.MTS,일요일
7470,KETI_SL_0000007470.MTS,자동차
7473,KETI_SL_0000007473.MTS,작년
7489,KETI_SL_0000007489.MTS,집
7502,KETI_SL_0000007502.MTS,친구
7507,KETI_SL_0000007507.MTS,택시
7508,KETI_SL_0000007508.MTS,토요일
7521,KETI_SL_0000007521.MTS,학교
7534,KETI_SL_0000007534.MTS,형
7540,KETI_SL_0000007540.MTS,화요일
7541,KETI_SL_0000007541.MTS,화장실
7543,KETI_SL_0000007543.MOV,0
7544,KETI_SL_0000007544.MOV,1
7545,KETI_SL_0000007545.MOV,2
7546,KETI_SL_0000007546.MOV,3
7547,KETI_SL_0000007547.MOV,4
7548,KETI_SL_0000007548.MOV,5
7549,KETI_SL_0000007549.MOV,6
7550,KETI_SL_0000007550.MOV,7
7551,KETI_SL_0000007551.MOV,8
7552,KETI_SL_0000007552.MOV,9
7553,KETI_SL_0000007553.MOV,10
7648,KETI_SL_0000007648.MOV,가렵다
7662,KETI_SL_0000007662.MOV,개
7678,KETI_SL_0000007678.MOV,공원
7691,KETI_SL_0000007691.MOV,금요일
7706,KETI_SL_0000007706.MOV,내년
7707,KETI_SL_0000007707.MOV,내일
7708,KETI_SL_0000007708.MOV,냄새나다
7713,KETI_SL_0000007713.MOV,누나
7729,KETI_SL_0000007729.MOV,동생
7747,KETI_SL_0000007747.MOV,목요일
7751,KETI_SL_0000007751.MOV,물
7753,KETI_SL_0000007753.MOV,바다
7762,KETI_SL_0000007762.MOV,배고프다
7767,KETI_SL_0000007767.MOV,병원
7776,KETI_SL_0000007776.MOV,불
7785,KETI_SL_0000007785.MOV,산
7788,KETI_SL_0000007788.MOV,삼키다
7794,KETI_SL_0000007794.MOV,선생님
7807,KETI_SL_0000007807.MOV,수요일
7817,KETI_SL_0000007817.MOV,아래
7818,KETI_SL_0000007818.MOV,아빠
7822,KETI_SL_0000007822.MOV,아파트
7826,KETI_SL_0000007826.MOV,앞
7833,KETI_SL_0000007833.MOV,어제
7834,KETI_SL_0000007834.MOV,어지럽다
7835,KETI_SL_0000007835.MOV,언니
7837,KETI_SL_0000007837.MOV,엄마
7853,KETI_SL_0000007853.MOV,오늘
7854,KETI_SL_0000007854.MOV,오른쪽
7857,KETI_SL_0000007857.MOV,오빠
7859,KETI_SL_0000007859.MOV,올해
7860,KETI_SL_0000007860.MOV,왼쪽
7867,KETI_SL_0000007867.MOV,월요일
7869,KETI_SL_0000007869.MOV,위
7877,KETI_SL_0000007877.MOV,음식
7886,KETI_SL_0000007886.MOV,일요일
7889,KETI_SL_0000007889.MOV,자동차
7892,KETI_SL_0000007892.MOV,작년
7908,KETI_SL_0000007908.MOV,집
7920,KETI_SL_0000007920.MOV,친구
7925,KETI_SL_0000007925.MOV,택시
7926,KETI_SL_0000007926.MOV,토요일
7940,KETI_SL_0000007940.MOV,학교
7953,KETI_SL_0000007953.MOV,형
7959,KETI_SL_0000007959.MOV,화요일
7960,KETI_SL_0000007960.MOV,화장실
7962,KETI_SL_0000007962.MTS,0
7963,KETI_SL_0000007963.MTS,1
7964,KETI_SL_0000007964.MTS,2
7965,KETI_SL_0000007965.MTS,3
7966,KETI_SL_0000007966.MTS,4
7967,KETI_SL_0000007967.MTS,5
7968,KETI_SL_0000007968.MTS,6
7969,KETI_SL_0000007969.MTS,7
7970,KETI_SL_0000007970.MTS,8
7971,KETI_SL_0000007971.MTS,9
7972,KETI_SL_0000007972.MTS,10
8067,KETI_SL_0000008067.MTS,가렵다
8081,KETI_SL_0000008081.MTS,개
8097,KETI_SL_0000008097.MTS,공원
8110,KETI_SL_0000008110.MTS,금요일
8125,KETI_SL_0000008125.MTS,내년
8126,KETI_SL_0000008126.MTS,내일
8127,KETI_SL_0000008127.MTS,냄새나다
8132,KETI_SL_0000008132.MTS,누나
8148,KETI_SL_0000008148.MTS,동생
8166,KETI_SL_0000008166.MTS,목요일
8170,KETI_SL_0000008170.MTS,물
8172,KETI_SL_0000008172.MTS,바다
8181,KETI_SL_0000008181.MTS,배고프다
8186,KETI_SL_0000008186.MTS,병원
8195,KETI_SL_0000008195.MTS,불
8204,KETI_SL_0000008204.MTS,산
8207,KETI_SL_0000008207.MTS,삼키다
8213,KETI_SL_0000008213.MTS,선생님
8226,KETI_SL_0000008226.MTS,수요일
8236,KETI_SL_0000008236.MTS,아래
8237,KETI_SL_0000008237.MTS,아빠
8241,KETI_SL_0000008241.MTS,아파트
8245,KETI_SL_0000008245.MTS,앞
8252,KETI_SL_0000008252.MTS,어제
8253,KETI_SL_0000008253.MTS,어지럽다
8254,KETI_SL_0000008254.MTS,언니
8256,KETI_SL_0000008256.MTS,엄마
8272,KETI_SL_0000008272.MTS,오늘
8273,KETI_SL_0000008273.MTS,오른쪽
8276,KETI_SL_0000008276.MTS,오빠
8278,KETI_SL_0000008278.MTS,올해
8279,KETI_SL_0000008279.MTS,왼쪽
8286,KETI_SL_0000008286.MTS,월요일
8288,KETI_SL_0000008288.MTS,위
8296,KETI_SL_0000008296.MTS,음식
8305,KETI_SL_0000008305.MTS,일요일
8308,KETI_SL_0000008308.MTS,자동차
8311,KETI_SL_0000008311.MTS,작년
8327,KETI_SL_0000008327.MTS,집
8339,KETI_SL_0000008339.MTS,친구
8344,KETI_SL_0000008344.MTS,택시
8345,KETI_SL_0000008345.MTS,토요일
8359,KETI_SL_0000008359.MTS,학교
8372,KETI_SL_0000008372.MTS,형
8378,KETI_SL_0000008378.MTS,화요일
8379,KETI_SL_0000008379.MTS,화장실
